INSERT INTO Cantina.CARGO (Codigo, Descricao) VALUES ('limpeza', 'Empregados de limpeza');
INSERT INTO Cantina.CARGO (Codigo, Descricao) VALUES ('cozinha', 'Empregados de cozinha');
INSERT INTO Cantina.CARGO (Codigo, Descricao) VALUES ('atendimento', 'Empregados de atendimento');


INSERT INTO Cantina.FUNCIONARIO (Id,Fname,Lname,Email,Ccodigo,Salario) VALUES (1,'Alika','Jacobs','ipsum.Curabitur@Phasellusat.org','limpeza',646);
INSERT INTO Cantina.FUNCIONARIO (Id,Fname,Lname,Email,Ccodigo,Salario) VALUES (2,'Tucker','Forbes','odio@Namconsequatdolor.edu','Atendimento',644);
INSERT INTO Cantina.FUNCIONARIO (Id,Fname,Lname,Email,Ccodigo,Salario) VALUES (3,'Dana','Keller','nascetur.ridiculus.mus@tempus.ca','Atendimento',627);
INSERT INTO Cantina.FUNCIONARIO (Id,Fname,Lname,Email,Ccodigo,Salario) VALUES (4,'Charlotte','Rosario','et@luctusCurabitur.ca','limpeza',600);
INSERT INTO Cantina.FUNCIONARIO (Id,Fname,Lname,Email,Ccodigo,Salario) VALUES (5,'Kelsie','Cote','sagittis.Duis.gravida@feugiat.com','limpeza',691);
INSERT INTO Cantina.FUNCIONARIO (Id,Fname,Lname,Email,Ccodigo,Salario) VALUES (6,'Preston','Moses','odio.tristique@Uttincidunt.com','limpeza',630);
INSERT INTO Cantina.FUNCIONARIO (Id,Fname,Lname,Email,Ccodigo,Salario) VALUES (7,'Jonas','Price','auctor.vitae@a.co.uk','Cozinha',661);
INSERT INTO Cantina.FUNCIONARIO (Id,Fname,Lname,Email,Ccodigo,Salario) VALUES (8,'Bernard','Suarez','malesuada.malesuada@tellusPhasellus.edu','limpeza',693);
INSERT INTO Cantina.FUNCIONARIO (Id,Fname,Lname,Email,Ccodigo,Salario) VALUES (9,'Hadassah','Ball','augue.ut.lacus@fringillacursus.edu','Atendimento',700);
INSERT INTO Cantina.FUNCIONARIO (Id,Fname,Lname,Email,Ccodigo,Salario) VALUES (10,'Paul','Sherman','ultrices@euismod.co.uk','limpeza',634);
INSERT INTO Cantina.FUNCIONARIO (Id,Fname,Lname,Email,Ccodigo,Salario) VALUES (11,'Ursa','Arnold','Nam@magnaSedeu.net','Cozinha',676);
INSERT INTO Cantina.FUNCIONARIO (Id,Fname,Lname,Email,Ccodigo,Salario) VALUES (12,'Wylie','Porter','Suspendisse.aliquet@inaliquetlobortis.ca','limpeza',628);
INSERT INTO Cantina.FUNCIONARIO (Id,Fname,Lname,Email,Ccodigo,Salario) VALUES (13,'Yeo','Leon','sem@massaSuspendisse.co.uk','Cozinha',624);
INSERT INTO Cantina.FUNCIONARIO (Id,Fname,Lname,Email,Ccodigo,Salario) VALUES (14,'Wilma','Whitney','dolor.sit@feugiatnon.edu','Atendimento',648);
INSERT INTO Cantina.FUNCIONARIO (Id,Fname,Lname,Email,Ccodigo,Salario) VALUES (15,'Steven','Mathews','posuere.enim.nisl@dictumPhasellusin.edu','limpeza',630);
INSERT INTO Cantina.FUNCIONARIO (Id,Fname,Lname,Email,Ccodigo,Salario) VALUES (16,'Sade','Mcdonald','Pellentesque.ultricies@lobortisquama.co.uk','Atendimento',676);
INSERT INTO Cantina.FUNCIONARIO (Id,Fname,Lname,Email,Ccodigo,Salario) VALUES (17,'Ryder','Cole','at.pede@turpis.co.uk','Cozinha',600);
INSERT INTO Cantina.FUNCIONARIO (Id,Fname,Lname,Email,Ccodigo,Salario) VALUES (18,'Jamal','Knight','Cum.sociis.natoque@purusmauris.co.uk','limpeza',671);
INSERT INTO Cantina.FUNCIONARIO (Id,Fname,Lname,Email,Ccodigo,Salario) VALUES (19,'Cleo','Snider','magna@eratnequenon.ca','Cozinha',692);
INSERT INTO Cantina.FUNCIONARIO (Id,Fname,Lname,Email,Ccodigo,Salario) VALUES (20,'Mufutau','Justice','diam.eu.dolor@Proinsedturpis.net','Atendimento',633);

INSERT INTO Cantina.TURNO (Datahora_inicio, Datahora_fim) VALUES ('Segunda 10:00h', 'Segunda 16:00h');
INSERT INTO Cantina.TURNO (Datahora_inicio, Datahora_fim) VALUES ('Segunda 18:00h', 'Segunda 22:00h');
INSERT INTO Cantina.TURNO (Datahora_inicio, Datahora_fim) VALUES ('Terça 10:00h', 'Terça 16:00h');
INSERT INTO Cantina.TURNO (Datahora_inicio, Datahora_fim) VALUES ('Terça 18:00h', 'Terça 22:00h');
INSERT INTO Cantina.TURNO (Datahora_inicio, Datahora_fim) VALUES ('Quarta 10:00h', 'Quarta 16:00h');
INSERT INTO Cantina.TURNO (Datahora_inicio, Datahora_fim) VALUES ('Quarta 18:00h', 'Quarta 22:00h');
INSERT INTO Cantina.TURNO (Datahora_inicio, Datahora_fim) VALUES ('Quinta 10:00h', 'Quinta 16:00h');
INSERT INTO Cantina.TURNO (Datahora_inicio, Datahora_fim) VALUES ('Quinta 18:00h', 'Quinta 22:00h');
INSERT INTO Cantina.TURNO (Datahora_inicio, Datahora_fim) VALUES ('Sexta 10:00h', 'Sexta 16:00h');
INSERT INTO Cantina.TURNO (Datahora_inicio, Datahora_fim) VALUES ('Sexta 18:00h', 'Sexta 22:00h');
INSERT INTO Cantina.TURNO (Datahora_inicio, Datahora_fim) VALUES ('Sábado 10:00h', 'Sábado 16:00h');
INSERT INTO Cantina.TURNO (Datahora_inicio, Datahora_fim) VALUES ('Sábado 18:00h', 'Sábado 22:00h');
INSERT INTO Cantina.TURNO (Datahora_inicio, Datahora_fim) VALUES ('Domingo 10:00h', 'Domingo 16:00h');
INSERT INTO Cantina.TURNO (Datahora_inicio, Datahora_fim) VALUES ('Domingo 18:00h', 'Domingo 22:00h');

INSERT INTO Cantina.TURNO_ATRIBUIDO (Datahora_inicio, Datahora_fim, Fid) VALUES ('Segunda 10:00h', 'Segunda 16:00h', '1');
INSERT INTO Cantina.TURNO_ATRIBUIDO (Datahora_inicio, Datahora_fim, Fid) VALUES ('Segunda 18:00h', 'Segunda 22:00h', '2');
INSERT INTO Cantina.TURNO_ATRIBUIDO (Datahora_inicio, Datahora_fim, Fid) VALUES ('Terça 10:00h', 'Terça 16:00h', '1');
INSERT INTO Cantina.TURNO_ATRIBUIDO (Datahora_inicio, Datahora_fim, Fid) VALUES ('Terça 18:00h', 'Terça 22:00h', '2');
INSERT INTO Cantina.TURNO_ATRIBUIDO (Datahora_inicio, Datahora_fim, Fid) VALUES ('Quarta 10:00h', 'Quarta 16:00h', '1');
INSERT INTO Cantina.TURNO_ATRIBUIDO (Datahora_inicio, Datahora_fim, Fid) VALUES ('Quarta 18:00h', 'Quarta 22:00h', '2');
INSERT INTO Cantina.TURNO_ATRIBUIDO (Datahora_inicio, Datahora_fim, Fid) VALUES ('Quinta 10:00h', 'Quinta 16:00h', '1');
INSERT INTO Cantina.TURNO_ATRIBUIDO (Datahora_inicio, Datahora_fim, Fid) VALUES ('Quinta 18:00h', 'Quinta 22:00h', '2');
INSERT INTO Cantina.TURNO_ATRIBUIDO (Datahora_inicio, Datahora_fim, Fid) VALUES ('Sexta 10:00h', 'Sexta 16:00h', '1');
INSERT INTO Cantina.TURNO_ATRIBUIDO (Datahora_inicio, Datahora_fim, Fid) VALUES ('Sexta 18:00h', 'Sexta 22:00h', '2');
INSERT INTO Cantina.TURNO_ATRIBUIDO (Datahora_inicio, Datahora_fim, Fid) VALUES ('Sábado 10:00h', 'Sábado 16:00h', '3');
INSERT INTO Cantina.TURNO_ATRIBUIDO (Datahora_inicio, Datahora_fim, Fid) VALUES ('Sábado 18:00h', 'Sábado 22:00h', '4');
INSERT INTO Cantina.TURNO_ATRIBUIDO (Datahora_inicio, Datahora_fim, Fid) VALUES ('Domingo 10:00h', 'Domingo 16:00h', '3');
INSERT INTO Cantina.TURNO_ATRIBUIDO (Datahora_inicio, Datahora_fim, Fid) VALUES ('Domingo 18:00h', 'Domingo 22:00h', '4');

INSERT INTO Cantina.TURNO_ATRIBUIDO (Datahora_inicio, Datahora_fim, Fid) VALUES ('Segunda 10:00h', 'Segunda 16:00h', '4');
INSERT INTO Cantina.TURNO_ATRIBUIDO (Datahora_inicio, Datahora_fim, Fid) VALUES ('Segunda 18:00h', 'Segunda 22:00h', '3');
INSERT INTO Cantina.TURNO_ATRIBUIDO (Datahora_inicio, Datahora_fim, Fid) VALUES ('Terça 10:00h', 'Terça 16:00h', '4');
INSERT INTO Cantina.TURNO_ATRIBUIDO (Datahora_inicio, Datahora_fim, Fid) VALUES ('Terça 18:00h', 'Terça 22:00h', '3');
INSERT INTO Cantina.TURNO_ATRIBUIDO (Datahora_inicio, Datahora_fim, Fid) VALUES ('Quarta 10:00h', 'Quarta 16:00h', '4');
INSERT INTO Cantina.TURNO_ATRIBUIDO (Datahora_inicio, Datahora_fim, Fid) VALUES ('Quarta 18:00h', 'Quarta 22:00h', '3');
INSERT INTO Cantina.TURNO_ATRIBUIDO (Datahora_inicio, Datahora_fim, Fid) VALUES ('Quinta 10:00h', 'Quinta 16:00h', '5');
INSERT INTO Cantina.TURNO_ATRIBUIDO (Datahora_inicio, Datahora_fim, Fid) VALUES ('Quinta 18:00h', 'Quinta 22:00h', '6');
INSERT INTO Cantina.TURNO_ATRIBUIDO (Datahora_inicio, Datahora_fim, Fid) VALUES ('Sexta 10:00h', 'Sexta 16:00h', '5');
INSERT INTO Cantina.TURNO_ATRIBUIDO (Datahora_inicio, Datahora_fim, Fid) VALUES ('Sexta 18:00h', 'Sexta 22:00h', '6');
INSERT INTO Cantina.TURNO_ATRIBUIDO (Datahora_inicio, Datahora_fim, Fid) VALUES ('Sábado 10:00h', 'Sábado 16:00h', '5');
INSERT INTO Cantina.TURNO_ATRIBUIDO (Datahora_inicio, Datahora_fim, Fid) VALUES ('Sábado 18:00h', 'Sábado 22:00h', '6');
INSERT INTO Cantina.TURNO_ATRIBUIDO (Datahora_inicio, Datahora_fim, Fid) VALUES ('Domingo 10:00h', 'Domingo 16:00h', '5');
INSERT INTO Cantina.TURNO_ATRIBUIDO (Datahora_inicio, Datahora_fim, Fid) VALUES ('Domingo 18:00h', 'Domingo 22:00h', '6');

INSERT INTO Cantina.TURNO_ATRIBUIDO (Datahora_inicio, Datahora_fim, Fid) VALUES ('Segunda 10:00h', 'Segunda 16:00h', '5');
INSERT INTO Cantina.TURNO_ATRIBUIDO (Datahora_inicio, Datahora_fim, Fid) VALUES ('Segunda 18:00h', 'Segunda 22:00h', '6');
INSERT INTO Cantina.TURNO_ATRIBUIDO (Datahora_inicio, Datahora_fim, Fid) VALUES ('Terça 10:00h', 'Terça 16:00h', '7');
INSERT INTO Cantina.TURNO_ATRIBUIDO (Datahora_inicio, Datahora_fim, Fid) VALUES ('Terça 18:00h', 'Terça 22:00h', '8');
INSERT INTO Cantina.TURNO_ATRIBUIDO (Datahora_inicio, Datahora_fim, Fid) VALUES ('Quarta 10:00h', 'Quarta 16:00h', '7');
INSERT INTO Cantina.TURNO_ATRIBUIDO (Datahora_inicio, Datahora_fim, Fid) VALUES ('Quarta 18:00h', 'Quarta 22:00h', '8');
INSERT INTO Cantina.TURNO_ATRIBUIDO (Datahora_inicio, Datahora_fim, Fid) VALUES ('Quinta 10:00h', 'Quinta 16:00h', '7');
INSERT INTO Cantina.TURNO_ATRIBUIDO (Datahora_inicio, Datahora_fim, Fid) VALUES ('Quinta 18:00h', 'Quinta 22:00h', '8');
INSERT INTO Cantina.TURNO_ATRIBUIDO (Datahora_inicio, Datahora_fim, Fid) VALUES ('Sexta 10:00h', 'Sexta 16:00h', '7');
INSERT INTO Cantina.TURNO_ATRIBUIDO (Datahora_inicio, Datahora_fim, Fid) VALUES ('Sexta 18:00h', 'Sexta 22:00h', '8');
INSERT INTO Cantina.TURNO_ATRIBUIDO (Datahora_inicio, Datahora_fim, Fid) VALUES ('Sábado 10:00h', 'Sábado 16:00h', '7');
INSERT INTO Cantina.TURNO_ATRIBUIDO (Datahora_inicio, Datahora_fim, Fid) VALUES ('Sábado 18:00h', 'Sábado 22:00h', '8');
INSERT INTO Cantina.TURNO_ATRIBUIDO (Datahora_inicio, Datahora_fim, Fid) VALUES ('Domingo 10:00h', 'Domingo 16:00h', '9');
INSERT INTO Cantina.TURNO_ATRIBUIDO (Datahora_inicio, Datahora_fim, Fid) VALUES ('Domingo 18:00h', 'Domingo 22:00h', '10');

INSERT INTO Cantina.TURNO_ATRIBUIDO (Datahora_inicio, Datahora_fim, Fid) VALUES ('Segunda 10:00h', 'Segunda 16:00h', '11');
INSERT INTO Cantina.TURNO_ATRIBUIDO (Datahora_inicio, Datahora_fim, Fid) VALUES ('Segunda 18:00h', 'Segunda 22:00h', '12');
INSERT INTO Cantina.TURNO_ATRIBUIDO (Datahora_inicio, Datahora_fim, Fid) VALUES ('Terça 10:00h', 'Terça 16:00h', '11');
INSERT INTO Cantina.TURNO_ATRIBUIDO (Datahora_inicio, Datahora_fim, Fid) VALUES ('Terça 18:00h', 'Terça 22:00h', '12');
INSERT INTO Cantina.TURNO_ATRIBUIDO (Datahora_inicio, Datahora_fim, Fid) VALUES ('Quarta 10:00h', 'Quarta 16:00h', '11');
INSERT INTO Cantina.TURNO_ATRIBUIDO (Datahora_inicio, Datahora_fim, Fid) VALUES ('Quarta 18:00h', 'Quarta 22:00h', '12');
INSERT INTO Cantina.TURNO_ATRIBUIDO (Datahora_inicio, Datahora_fim, Fid) VALUES ('Quinta 10:00h', 'Quinta 16:00h', '11');
INSERT INTO Cantina.TURNO_ATRIBUIDO (Datahora_inicio, Datahora_fim, Fid) VALUES ('Quinta 18:00h', 'Quinta 22:00h', '12');
INSERT INTO Cantina.TURNO_ATRIBUIDO (Datahora_inicio, Datahora_fim, Fid) VALUES ('Sexta 10:00h', 'Sexta 16:00h', '11');
INSERT INTO Cantina.TURNO_ATRIBUIDO (Datahora_inicio, Datahora_fim, Fid) VALUES ('Sexta 18:00h', 'Sexta 22:00h', '12');
INSERT INTO Cantina.TURNO_ATRIBUIDO (Datahora_inicio, Datahora_fim, Fid) VALUES ('Sábado 10:00h', 'Sábado 16:00h', '13');
INSERT INTO Cantina.TURNO_ATRIBUIDO (Datahora_inicio, Datahora_fim, Fid) VALUES ('Sábado 18:00h', 'Sábado 22:00h', '14');
INSERT INTO Cantina.TURNO_ATRIBUIDO (Datahora_inicio, Datahora_fim, Fid) VALUES ('Domingo 10:00h', 'Domingo 16:00h', '13');
INSERT INTO Cantina.TURNO_ATRIBUIDO (Datahora_inicio, Datahora_fim, Fid) VALUES ('Domingo 18:00h', 'Domingo 22:00h', '14');

INSERT INTO Cantina.TURNO_ATRIBUIDO (Datahora_inicio, Datahora_fim, Fid) VALUES ('Segunda 10:00h', 'Segunda 16:00h', '14');
INSERT INTO Cantina.TURNO_ATRIBUIDO (Datahora_inicio, Datahora_fim, Fid) VALUES ('Segunda 18:00h', 'Segunda 22:00h', '13');
INSERT INTO Cantina.TURNO_ATRIBUIDO (Datahora_inicio, Datahora_fim, Fid) VALUES ('Terça 10:00h', 'Terça 16:00h', '14');
INSERT INTO Cantina.TURNO_ATRIBUIDO (Datahora_inicio, Datahora_fim, Fid) VALUES ('Terça 18:00h', 'Terça 22:00h', '13');
INSERT INTO Cantina.TURNO_ATRIBUIDO (Datahora_inicio, Datahora_fim, Fid) VALUES ('Quarta 10:00h', 'Quarta 16:00h', '14');
INSERT INTO Cantina.TURNO_ATRIBUIDO (Datahora_inicio, Datahora_fim, Fid) VALUES ('Quarta 18:00h', 'Quarta 22:00h', '13');
INSERT INTO Cantina.TURNO_ATRIBUIDO (Datahora_inicio, Datahora_fim, Fid) VALUES ('Quinta 10:00h', 'Quinta 16:00h', '15');
INSERT INTO Cantina.TURNO_ATRIBUIDO (Datahora_inicio, Datahora_fim, Fid) VALUES ('Quinta 18:00h', 'Quinta 22:00h', '16');
INSERT INTO Cantina.TURNO_ATRIBUIDO (Datahora_inicio, Datahora_fim, Fid) VALUES ('Sexta 10:00h', 'Sexta 16:00h', '15');
INSERT INTO Cantina.TURNO_ATRIBUIDO (Datahora_inicio, Datahora_fim, Fid) VALUES ('Sexta 18:00h', 'Sexta 22:00h', '16');
INSERT INTO Cantina.TURNO_ATRIBUIDO (Datahora_inicio, Datahora_fim, Fid) VALUES ('Sábado 10:00h', 'Sábado 16:00h', '15');
INSERT INTO Cantina.TURNO_ATRIBUIDO (Datahora_inicio, Datahora_fim, Fid) VALUES ('Sábado 18:00h', 'Sábado 22:00h', '16');
INSERT INTO Cantina.TURNO_ATRIBUIDO (Datahora_inicio, Datahora_fim, Fid) VALUES ('Domingo 10:00h', 'Domingo 16:00h', '15');
INSERT INTO Cantina.TURNO_ATRIBUIDO (Datahora_inicio, Datahora_fim, Fid) VALUES ('Domingo 18:00h', 'Domingo 22:00h', '16');

INSERT INTO Cantina.TURNO_ATRIBUIDO (Datahora_inicio, Datahora_fim, Fid) VALUES ('Segunda 10:00h', 'Segunda 16:00h', '15');
INSERT INTO Cantina.TURNO_ATRIBUIDO (Datahora_inicio, Datahora_fim, Fid) VALUES ('Segunda 18:00h', 'Segunda 22:00h', '16');
INSERT INTO Cantina.TURNO_ATRIBUIDO (Datahora_inicio, Datahora_fim, Fid) VALUES ('Terça 10:00h', 'Terça 16:00h', '17');
INSERT INTO Cantina.TURNO_ATRIBUIDO (Datahora_inicio, Datahora_fim, Fid) VALUES ('Terça 18:00h', 'Terça 22:00h', '18');
INSERT INTO Cantina.TURNO_ATRIBUIDO (Datahora_inicio, Datahora_fim, Fid) VALUES ('Quarta 10:00h', 'Quarta 16:00h', '17');
INSERT INTO Cantina.TURNO_ATRIBUIDO (Datahora_inicio, Datahora_fim, Fid) VALUES ('Quarta 18:00h', 'Quarta 22:00h', '18');
INSERT INTO Cantina.TURNO_ATRIBUIDO (Datahora_inicio, Datahora_fim, Fid) VALUES ('Quinta 10:00h', 'Quinta 16:00h', '17');
INSERT INTO Cantina.TURNO_ATRIBUIDO (Datahora_inicio, Datahora_fim, Fid) VALUES ('Quinta 18:00h', 'Quinta 22:00h', '18');
INSERT INTO Cantina.TURNO_ATRIBUIDO (Datahora_inicio, Datahora_fim, Fid) VALUES ('Sexta 10:00h', 'Sexta 16:00h', '17');
INSERT INTO Cantina.TURNO_ATRIBUIDO (Datahora_inicio, Datahora_fim, Fid) VALUES ('Sexta 18:00h', 'Sexta 22:00h', '18');
INSERT INTO Cantina.TURNO_ATRIBUIDO (Datahora_inicio, Datahora_fim, Fid) VALUES ('Sábado 10:00h', 'Sábado 16:00h', '17');
INSERT INTO Cantina.TURNO_ATRIBUIDO (Datahora_inicio, Datahora_fim, Fid) VALUES ('Sábado 18:00h', 'Sábado 22:00h', '18');
INSERT INTO Cantina.TURNO_ATRIBUIDO (Datahora_inicio, Datahora_fim, Fid) VALUES ('Domingo 10:00h', 'Domingo 16:00h', '9');
INSERT INTO Cantina.TURNO_ATRIBUIDO (Datahora_inicio, Datahora_fim, Fid) VALUES ('Domingo 18:00h', 'Domingo 22:00h', '10');

INSERT INTO Cantina.TIPO_CLIENTE (Id, Nome, Preco) VALUES ('1', 'Estudante', '3.00');
INSERT INTO Cantina.TIPO_CLIENTE (Id, Nome, Preco) VALUES ('2', 'Professor', '2.50');
INSERT INTO Cantina.TIPO_CLIENTE (Id, Nome, Preco) VALUES ('3', 'Funcionario', '2.00');
INSERT INTO Cantina.TIPO_CLIENTE (Id, Nome, Preco) VALUES ('4', 'Nao-Estudante', '4.00');

INSERT INTO Cantina.CLIENTE (Nif,Fname,Lname,Email,Tipo) VALUES (100000000,'Gary','Neal','elementum@turpisegestasAliquam.ca','1');
INSERT INTO Cantina.CLIENTE (Nif,Fname,Lname,Email,Tipo) VALUES (100000001,'Ryder','Montoya','arcu.Sed@urnaVivamus.ca','1');
INSERT INTO Cantina.CLIENTE (Nif,Fname,Lname,Email,Tipo) VALUES (100000002,'Quintessa','Rosales','feugiat.nec.diam@Donec.edu','1');
INSERT INTO Cantina.CLIENTE (Nif,Fname,Lname,Email,Tipo) VALUES (100000003,'Harding','Dale','vitae.aliquet@velfaucibus.co.uk','1');
INSERT INTO Cantina.CLIENTE (Nif,Fname,Lname,Email,Tipo) VALUES (100000004,'Rowan','Lucas','magna.Duis.dignissim@eget.ca','1');
INSERT INTO Cantina.CLIENTE (Nif,Fname,Lname,Email,Tipo) VALUES (100000005,'Inez','Chan','dolor.Donec.fringilla@etnunc.org','1');
INSERT INTO Cantina.CLIENTE (Nif,Fname,Lname,Email,Tipo) VALUES (100000006,'Belle','Foley','ultrices.Duis.volutpat@Pellentesqueut.org','1');
INSERT INTO Cantina.CLIENTE (Nif,Fname,Lname,Email,Tipo) VALUES (100000007,'Mari','Sutton','quis@nostraper.edu','1');
INSERT INTO Cantina.CLIENTE (Nif,Fname,Lname,Email,Tipo) VALUES (100000008,'Brielle','Soto','in.consequat.enim@ategestasa.co.uk','1');
INSERT INTO Cantina.CLIENTE (Nif,Fname,Lname,Email,Tipo) VALUES (100000009,'Erasmus','Moses','porttitor.vulputate@ipsumPhasellusvitae.co.uk','1');
INSERT INTO Cantina.CLIENTE (Nif,Fname,Lname,Email,Tipo) VALUES (100000010,'Dustin','Frazier','amet.dapibus.id@antedictum.com','1');
INSERT INTO Cantina.CLIENTE (Nif,Fname,Lname,Email,Tipo) VALUES (100000011,'Hyacinth','Parks','Morbi.sit.amet@loremipsum.ca','1');
INSERT INTO Cantina.CLIENTE (Nif,Fname,Lname,Email,Tipo) VALUES (100000012,'Felicia','Salas','Aliquam.vulputate.ullamcorper@fermentumfermentum.org','1');
INSERT INTO Cantina.CLIENTE (Nif,Fname,Lname,Email,Tipo) VALUES (100000013,'Amaya','Kirk','molestie.tortor@vitaesemper.co.uk','1');
INSERT INTO Cantina.CLIENTE (Nif,Fname,Lname,Email,Tipo) VALUES (100000014,'Bradley','Green','Sed.id@porttitor.ca','1');
INSERT INTO Cantina.CLIENTE (Nif,Fname,Lname,Email,Tipo) VALUES (100000015,'Francis','Bush','arcu.Nunc@sagittis.edu','1');
INSERT INTO Cantina.CLIENTE (Nif,Fname,Lname,Email,Tipo) VALUES (100000016,'Magee','Hancock','ullamcorper.Duis.at@semNulla.net','1');
INSERT INTO Cantina.CLIENTE (Nif,Fname,Lname,Email,Tipo) VALUES (100000017,'Beck','Molina','Nam.porttitor@auctor.edu','1');
INSERT INTO Cantina.CLIENTE (Nif,Fname,Lname,Email,Tipo) VALUES (100000018,'Jasper','Caldwell','accumsan@eu.edu','1');
INSERT INTO Cantina.CLIENTE (Nif,Fname,Lname,Email,Tipo) VALUES (100000019,'Hedy','Buck','fringilla@et.net','1');
INSERT INTO Cantina.CLIENTE (Nif,Fname,Lname,Email,Tipo) VALUES (100000020,'Violet','Suarez','ullamcorper@Aliquamadipiscinglobortis.com','1');
INSERT INTO Cantina.CLIENTE (Nif,Fname,Lname,Email,Tipo) VALUES (100000021,'Elijah','Bean','eu@doloregestas.com','1');
INSERT INTO Cantina.CLIENTE (Nif,Fname,Lname,Email,Tipo) VALUES (100000022,'Magee','Jacobs','ornare.libero.at@risusat.edu','1');
INSERT INTO Cantina.CLIENTE (Nif,Fname,Lname,Email,Tipo) VALUES (100000023,'Wayne','Gamble','sed@ipsumprimis.edu','1');
INSERT INTO Cantina.CLIENTE (Nif,Fname,Lname,Email,Tipo) VALUES (100000024,'Aidan','Dudley','varius.orci.in@sodalesat.co.uk','1');
INSERT INTO Cantina.CLIENTE (Nif,Fname,Lname,Email,Tipo) VALUES (100000025,'Neville','Mcdowell','diam.vel@facilisisSuspendissecommodo.net','1');
INSERT INTO Cantina.CLIENTE (Nif,Fname,Lname,Email,Tipo) VALUES (100000026,'Hammett','Hoffman','Quisque.libero@amet.com','1');
INSERT INTO Cantina.CLIENTE (Nif,Fname,Lname,Email,Tipo) VALUES (100000027,'Kylie','Parker','a.tortor.Nunc@Sed.ca','1');
INSERT INTO Cantina.CLIENTE (Nif,Fname,Lname,Email,Tipo) VALUES (100000028,'Fritz','Hoover','Nunc@euismodestarcu.co.uk','1');
INSERT INTO Cantina.CLIENTE (Nif,Fname,Lname,Email,Tipo) VALUES (100000029,'Hayden','Barron','erat.vel@ligula.com','1');
INSERT INTO Cantina.CLIENTE (Nif,Fname,Lname,Email,Tipo) VALUES (100000030,'Caldwell','Duran','amet.luctus@sedliberoProin.net','1');
INSERT INTO Cantina.CLIENTE (Nif,Fname,Lname,Email,Tipo) VALUES (100000031,'Wendy','Tate','eu@convallisest.net','1');
INSERT INTO Cantina.CLIENTE (Nif,Fname,Lname,Email,Tipo) VALUES (100000032,'Jerome','Emerson','vel.vulputate@Nunc.org','1');
INSERT INTO Cantina.CLIENTE (Nif,Fname,Lname,Email,Tipo) VALUES (100000033,'Kenneth','Klein','interdum.Sed.auctor@ornare.edu','1');
INSERT INTO Cantina.CLIENTE (Nif,Fname,Lname,Email,Tipo) VALUES (100000034,'Montana','Petty','Aenean@arcu.edu','1');
INSERT INTO Cantina.CLIENTE (Nif,Fname,Lname,Email,Tipo) VALUES (100000035,'Fredericka','Gilliam','vitae@Etiamvestibulum.ca','1');
INSERT INTO Cantina.CLIENTE (Nif,Fname,Lname,Email,Tipo) VALUES (100000036,'Kaitlin','Bartlett','vulputate.velit@Phasellus.org','1');
INSERT INTO Cantina.CLIENTE (Nif,Fname,Lname,Email,Tipo) VALUES (100000037,'Dieter','Mccarthy','porta.elit@dignissim.ca','1');
INSERT INTO Cantina.CLIENTE (Nif,Fname,Lname,Email,Tipo) VALUES (100000038,'Raymond','Humphrey','mollis.Phasellus@interdum.ca','1');
INSERT INTO Cantina.CLIENTE (Nif,Fname,Lname,Email,Tipo) VALUES (100000039,'Blaze','Cooper','Etiam.bibendum@mauris.ca','1');
INSERT INTO Cantina.CLIENTE (Nif,Fname,Lname,Email,Tipo) VALUES (100000040,'Elton','Alston','Nullam.suscipit.est@nunc.co.uk','1');
INSERT INTO Cantina.CLIENTE (Nif,Fname,Lname,Email,Tipo) VALUES (100000041,'Addison','Keith','diam@felis.net','1');
INSERT INTO Cantina.CLIENTE (Nif,Fname,Lname,Email,Tipo) VALUES (100000042,'Deborah','Castillo','ipsum.porta.elit@dapibusrutrum.ca','1');
INSERT INTO Cantina.CLIENTE (Nif,Fname,Lname,Email,Tipo) VALUES (100000043,'Fuller','Holder','nascetur.ridiculus@molestiesodalesMauris.com','1');
INSERT INTO Cantina.CLIENTE (Nif,Fname,Lname,Email,Tipo) VALUES (100000044,'Beatrice','Harrell','velit.Quisque.varius@Donecconsectetuermauris.ca','1');
INSERT INTO Cantina.CLIENTE (Nif,Fname,Lname,Email,Tipo) VALUES (100000045,'Demetrius','Wood','primis.in.faucibus@Aliquamerat.com','1');
INSERT INTO Cantina.CLIENTE (Nif,Fname,Lname,Email,Tipo) VALUES (100000046,'Hedley','Greene','tempus.lorem.fringilla@Proin.com','1');
INSERT INTO Cantina.CLIENTE (Nif,Fname,Lname,Email,Tipo) VALUES (100000047,'Ferdinand','Duffy','sit@sollicitudin.net','1');
INSERT INTO Cantina.CLIENTE (Nif,Fname,Lname,Email,Tipo) VALUES (100000048,'Chanda','Morin','sed@elit.org','1');
INSERT INTO Cantina.CLIENTE (Nif,Fname,Lname,Email,Tipo) VALUES (100000049,'Eden','Conway','ullamcorper.Duis.cursus@leoin.com','1');
INSERT INTO Cantina.CLIENTE (Nif,Fname,Lname,Email,Tipo) VALUES (100000050,'Aladdin','Willis','varius@miDuis.net','1');
INSERT INTO Cantina.CLIENTE (Nif,Fname,Lname,Email,Tipo) VALUES (100000051,'Coby','Warner','tincidunt.nunc@nonantebibendum.ca','1');
INSERT INTO Cantina.CLIENTE (Nif,Fname,Lname,Email,Tipo) VALUES (100000052,'Laurel','Obrien','mi.Duis@ut.org','1');
INSERT INTO Cantina.CLIENTE (Nif,Fname,Lname,Email,Tipo) VALUES (100000053,'Uma','Robles','sociis.natoque@dictum.net','1');
INSERT INTO Cantina.CLIENTE (Nif,Fname,Lname,Email,Tipo) VALUES (100000054,'Zenaida','Cummings','dolor.sit@fermentumarcu.ca','1');
INSERT INTO Cantina.CLIENTE (Nif,Fname,Lname,Email,Tipo) VALUES (100000055,'Akeem','Rosales','consequat.auctor@temporest.ca','1');
INSERT INTO Cantina.CLIENTE (Nif,Fname,Lname,Email,Tipo) VALUES (100000056,'Len','Goodwin','est.ac.facilisis@Uttinciduntorci.ca','1');
INSERT INTO Cantina.CLIENTE (Nif,Fname,Lname,Email,Tipo) VALUES (100000057,'Barrett','Baker','laoreet.libero.et@dignissim.org','1');
INSERT INTO Cantina.CLIENTE (Nif,Fname,Lname,Email,Tipo) VALUES (100000058,'Judith','Grimes','Vestibulum.accumsan.neque@nisi.edu','1');
INSERT INTO Cantina.CLIENTE (Nif,Fname,Lname,Email,Tipo) VALUES (100000059,'Cailin','Holloway','Suspendisse.non.leo@imperdietnecleo.ca','1');
INSERT INTO Cantina.CLIENTE (Nif,Fname,Lname,Email,Tipo) VALUES (100000060,'Adrienne','Castillo','orci.consectetuer@interdumenimnon.com','1');
INSERT INTO Cantina.CLIENTE (Nif,Fname,Lname,Email,Tipo) VALUES (100000061,'Madaline','Holden','adipiscing.elit.Aliquam@feugiatmetus.co.uk','1');
INSERT INTO Cantina.CLIENTE (Nif,Fname,Lname,Email,Tipo) VALUES (100000062,'Freya','Sawyer','dolor.Quisque@elitelitfermentum.org','1');
INSERT INTO Cantina.CLIENTE (Nif,Fname,Lname,Email,Tipo) VALUES (100000063,'Regan','Weber','Vivamus@placeratvelit.org','1');
INSERT INTO Cantina.CLIENTE (Nif,Fname,Lname,Email,Tipo) VALUES (100000064,'Gareth','Zamora','enim.nisl@lorem.net','1');
INSERT INTO Cantina.CLIENTE (Nif,Fname,Lname,Email,Tipo) VALUES (100000065,'Lara','Chapman','dui.lectus.rutrum@Quisque.org','1');
INSERT INTO Cantina.CLIENTE (Nif,Fname,Lname,Email,Tipo) VALUES (100000066,'Sylvia','Blackwell','augue.ac.ipsum@Quisque.ca','1');
INSERT INTO Cantina.CLIENTE (Nif,Fname,Lname,Email,Tipo) VALUES (100000067,'Dylan','Hunter','sapien.Cras.dolor@porttitortellus.net','1');
INSERT INTO Cantina.CLIENTE (Nif,Fname,Lname,Email,Tipo) VALUES (100000068,'Fleur','Everett','non.sapien.molestie@Phasellusdolorelit.co.uk','1');
INSERT INTO Cantina.CLIENTE (Nif,Fname,Lname,Email,Tipo) VALUES (100000069,'Berk','Brewer','dui.in.sodales@maurissagittis.org','1');
INSERT INTO Cantina.CLIENTE (Nif,Fname,Lname,Email,Tipo) VALUES (100000070,'Griffith','Beach','sapien.cursus@sed.net','1');
INSERT INTO Cantina.CLIENTE (Nif,Fname,Lname,Email,Tipo) VALUES (100000071,'Aladdin','Glass','Donec.tempor@nonbibendum.org','1');
INSERT INTO Cantina.CLIENTE (Nif,Fname,Lname,Email,Tipo) VALUES (100000072,'Cally','Fleming','turpis.Nulla@dolorsit.com','1');
INSERT INTO Cantina.CLIENTE (Nif,Fname,Lname,Email,Tipo) VALUES (100000073,'Eve','Gentry','Aenean@Nullamvitae.co.uk','1');
INSERT INTO Cantina.CLIENTE (Nif,Fname,Lname,Email,Tipo) VALUES (100000074,'Allistair','Lucas','Etiam.laoreet@liberoat.org','1');
INSERT INTO Cantina.CLIENTE (Nif,Fname,Lname,Email,Tipo) VALUES (100000075,'Freya','Neal','natoque@sed.com','1');
INSERT INTO Cantina.CLIENTE (Nif,Fname,Lname,Email,Tipo) VALUES (100000076,'Ciara','Peters','convallis.ante.lectus@nonluctus.com','1');
INSERT INTO Cantina.CLIENTE (Nif,Fname,Lname,Email,Tipo) VALUES (100000077,'Lilah','Everett','nec@quisaccumsan.ca','1');
INSERT INTO Cantina.CLIENTE (Nif,Fname,Lname,Email,Tipo) VALUES (100000078,'Phillip','Stone','eget.laoreet@placerat.com','1');
INSERT INTO Cantina.CLIENTE (Nif,Fname,Lname,Email,Tipo) VALUES (100000079,'Samantha','Cabrera','consectetuer.adipiscing@dictum.net','1');
INSERT INTO Cantina.CLIENTE (Nif,Fname,Lname,Email,Tipo) VALUES (100000080,'Edward','Mathews','Vestibulum.ante.ipsum@molestieorci.edu','1');
INSERT INTO Cantina.CLIENTE (Nif,Fname,Lname,Email,Tipo) VALUES (100000081,'Samson','Hill','dictum.eu.eleifend@mollislectus.edu','1');
INSERT INTO Cantina.CLIENTE (Nif,Fname,Lname,Email,Tipo) VALUES (100000082,'May','Nieves','in.cursus@luctussit.ca','1');
INSERT INTO Cantina.CLIENTE (Nif,Fname,Lname,Email,Tipo) VALUES (100000083,'Miriam','Mayo','In.condimentum@loremauctor.ca','1');
INSERT INTO Cantina.CLIENTE (Nif,Fname,Lname,Email,Tipo) VALUES (100000084,'Nathan','Ellison','aliquet.molestie@primisinfaucibus.com','1');
INSERT INTO Cantina.CLIENTE (Nif,Fname,Lname,Email,Tipo) VALUES (100000085,'Brittany','Tate','ipsum@scelerisque.ca','1');
INSERT INTO Cantina.CLIENTE (Nif,Fname,Lname,Email,Tipo) VALUES (100000086,'Dexter','Justice','luctus.vulputate@vitaeposuereat.edu','1');
INSERT INTO Cantina.CLIENTE (Nif,Fname,Lname,Email,Tipo) VALUES (100000087,'Frances','Smith','eget.nisi@rutrumFuscedolor.edu','1');
INSERT INTO Cantina.CLIENTE (Nif,Fname,Lname,Email,Tipo) VALUES (100000088,'Tanek','Reynolds','arcu@liberonec.co.uk','1');
INSERT INTO Cantina.CLIENTE (Nif,Fname,Lname,Email,Tipo) VALUES (100000089,'Keegan','Cooper','faucibus.ut@dictum.ca','1');
INSERT INTO Cantina.CLIENTE (Nif,Fname,Lname,Email,Tipo) VALUES (100000090,'Carl','Fischer','posuere.vulputate@Aliquam.org','1');
INSERT INTO Cantina.CLIENTE (Nif,Fname,Lname,Email,Tipo) VALUES (100000091,'Amaya','Rodriquez','tortor.Nunc.commodo@ultrices.net','1');
INSERT INTO Cantina.CLIENTE (Nif,Fname,Lname,Email,Tipo) VALUES (100000092,'Chaney','Robles','pharetra@eu.net','1');
INSERT INTO Cantina.CLIENTE (Nif,Fname,Lname,Email,Tipo) VALUES (100000093,'Cedric','Keller','accumsan.neque.et@suscipitest.org','1');
INSERT INTO Cantina.CLIENTE (Nif,Fname,Lname,Email,Tipo) VALUES (100000094,'Cameran','Singleton','eleifend.vitae.erat@velesttempor.net','1');
INSERT INTO Cantina.CLIENTE (Nif,Fname,Lname,Email,Tipo) VALUES (100000095,'Christian','Houston','id.sapien.Cras@lacusUt.co.uk','1');
INSERT INTO Cantina.CLIENTE (Nif,Fname,Lname,Email,Tipo) VALUES (100000096,'Abdul','Burns','sit.amet.orci@musDonec.ca','1');
INSERT INTO Cantina.CLIENTE (Nif,Fname,Lname,Email,Tipo) VALUES (100000097,'Violet','Bentley','ipsum.Suspendisse.non@nonvestibulum.net','1');
INSERT INTO Cantina.CLIENTE (Nif,Fname,Lname,Email,Tipo) VALUES (100000098,'Eve','Daniels','egestas.nunc.sed@porttitor.com','1');
INSERT INTO Cantina.CLIENTE (Nif,Fname,Lname,Email,Tipo) VALUES (100000099,'Gisela','Cote','lacus.Quisque.purus@necante.org','1');
INSERT INTO Cantina.CLIENTE (Nif,Fname,Lname,Email,Tipo) VALUES (100000100,'Debra','Huber','eu.nulla@disparturientmontes.ca','1');
INSERT INTO Cantina.CLIENTE (Nif,Fname,Lname,Email,Tipo) VALUES (100000101,'Maggie','Burris','interdum.Nunc.sollicitudin@acfacilisis.org','1');
INSERT INTO Cantina.CLIENTE (Nif,Fname,Lname,Email,Tipo) VALUES (100000102,'Reuben','Yates','quis.diam@Aenean.edu','1');
INSERT INTO Cantina.CLIENTE (Nif,Fname,Lname,Email,Tipo) VALUES (100000103,'Kibo','Page','Nulla.dignissim.Maecenas@atpretiumaliquet.net','1');
INSERT INTO Cantina.CLIENTE (Nif,Fname,Lname,Email,Tipo) VALUES (100000104,'Simon','Goodwin','dui.in.sodales@arcu.com','1');
INSERT INTO Cantina.CLIENTE (Nif,Fname,Lname,Email,Tipo) VALUES (100000105,'McKenzie','Hale','Sed.nec@amagna.co.uk','1');
INSERT INTO Cantina.CLIENTE (Nif,Fname,Lname,Email,Tipo) VALUES (100000106,'Kasper','Stevens','rutrum.non.hendrerit@acmattisvelit.co.uk','1');
INSERT INTO Cantina.CLIENTE (Nif,Fname,Lname,Email,Tipo) VALUES (100000107,'Caryn','Clark','non.luctus.sit@atpretiumaliquet.org','1');
INSERT INTO Cantina.CLIENTE (Nif,Fname,Lname,Email,Tipo) VALUES (100000108,'Jason','Peters','molestie.pharetra.nibh@consequatauctor.com','1');
INSERT INTO Cantina.CLIENTE (Nif,Fname,Lname,Email,Tipo) VALUES (100000109,'Keegan','Bolton','montes.nascetur.ridiculus@vitae.co.uk','1');
INSERT INTO Cantina.CLIENTE (Nif,Fname,Lname,Email,Tipo) VALUES (100000110,'Amery','Holden','pretium.et@semperauctorMauris.org','1');
INSERT INTO Cantina.CLIENTE (Nif,Fname,Lname,Email,Tipo) VALUES (100000111,'Darius','Benson','enim.sit@auctor.com','1');
INSERT INTO Cantina.CLIENTE (Nif,Fname,Lname,Email,Tipo) VALUES (100000112,'Griffin','Suarez','aliquet.molestie@purus.edu','1');
INSERT INTO Cantina.CLIENTE (Nif,Fname,Lname,Email,Tipo) VALUES (100000113,'Murphy','Fuentes','semper@sit.net','1');
INSERT INTO Cantina.CLIENTE (Nif,Fname,Lname,Email,Tipo) VALUES (100000114,'Kimberley','Collier','arcu.iaculis@purusDuis.ca','1');
INSERT INTO Cantina.CLIENTE (Nif,Fname,Lname,Email,Tipo) VALUES (100000115,'Keiko','Schultz','sodales.purus.in@quamvel.net','1');
INSERT INTO Cantina.CLIENTE (Nif,Fname,Lname,Email,Tipo) VALUES (100000116,'Whitney','White','ante@massarutrum.com','1');
INSERT INTO Cantina.CLIENTE (Nif,Fname,Lname,Email,Tipo) VALUES (100000117,'Mari','Miller','dolor@amalesuada.edu','1');
INSERT INTO Cantina.CLIENTE (Nif,Fname,Lname,Email,Tipo) VALUES (100000118,'Evangeline','Hewitt','posuere@bibendumsed.net','1');
INSERT INTO Cantina.CLIENTE (Nif,Fname,Lname,Email,Tipo) VALUES (100000119,'Ivan','Dejesus','et.magnis@tristique.net','1');
INSERT INTO Cantina.CLIENTE (Nif,Fname,Lname,Email,Tipo) VALUES (100000120,'Freya','Hayden','ornare.egestas@nonhendrerit.org','1');
INSERT INTO Cantina.CLIENTE (Nif,Fname,Lname,Email,Tipo) VALUES (100000121,'Channing','William','feugiat.tellus@consectetuermauris.edu','1');
INSERT INTO Cantina.CLIENTE (Nif,Fname,Lname,Email,Tipo) VALUES (100000122,'Lucy','Bradshaw','blandit@Nam.co.uk','1');
INSERT INTO Cantina.CLIENTE (Nif,Fname,Lname,Email,Tipo) VALUES (100000123,'Lani','Gentry','ut.nisi.a@dolor.net','1');
INSERT INTO Cantina.CLIENTE (Nif,Fname,Lname,Email,Tipo) VALUES (100000124,'Keely','Callahan','ullamcorper@sodalesMauris.net','1');
INSERT INTO Cantina.CLIENTE (Nif,Fname,Lname,Email,Tipo) VALUES (100000125,'Clarke','Jensen','leo@eleifend.net','1');
INSERT INTO Cantina.CLIENTE (Nif,Fname,Lname,Email,Tipo) VALUES (100000126,'Kaseem','Cortez','mauris.Morbi@dapibusligula.co.uk','1');
INSERT INTO Cantina.CLIENTE (Nif,Fname,Lname,Email,Tipo) VALUES (100000127,'Zorita','Giles','leo@facilisis.co.uk','1');
INSERT INTO Cantina.CLIENTE (Nif,Fname,Lname,Email,Tipo) VALUES (100000128,'Quinn','Ryan','massa.Quisque.porttitor@iaculislacus.co.uk','1');
INSERT INTO Cantina.CLIENTE (Nif,Fname,Lname,Email,Tipo) VALUES (100000129,'Callum','Sosa','non.nisi.Aenean@Maurisnon.com','1');
INSERT INTO Cantina.CLIENTE (Nif,Fname,Lname,Email,Tipo) VALUES (100000130,'Darius','Sparks','elementum.sem@nuncrisusvarius.org','1');
INSERT INTO Cantina.CLIENTE (Nif,Fname,Lname,Email,Tipo) VALUES (100000131,'Nichole','Leach','quis.turpis@elementumsemvitae.co.uk','1');
INSERT INTO Cantina.CLIENTE (Nif,Fname,Lname,Email,Tipo) VALUES (100000132,'Roanna','Dixon','risus.Duis@purusaccumsaninterdum.co.uk','1');
INSERT INTO Cantina.CLIENTE (Nif,Fname,Lname,Email,Tipo) VALUES (100000133,'Dara','Boyer','nec@utnullaCras.co.uk','1');
INSERT INTO Cantina.CLIENTE (Nif,Fname,Lname,Email,Tipo) VALUES (100000134,'Bevis','Ashley','iaculis@amalesuadaid.ca','1');
INSERT INTO Cantina.CLIENTE (Nif,Fname,Lname,Email,Tipo) VALUES (100000135,'George','Hunter','Nulla.tincidunt.neque@etnetuset.edu','1');
INSERT INTO Cantina.CLIENTE (Nif,Fname,Lname,Email,Tipo) VALUES (100000136,'Nelle','Harrison','sapien.imperdiet.ornare@risus.edu','1');
INSERT INTO Cantina.CLIENTE (Nif,Fname,Lname,Email,Tipo) VALUES (100000137,'Denton','Travis','vitae.erat@in.ca','1');
INSERT INTO Cantina.CLIENTE (Nif,Fname,Lname,Email,Tipo) VALUES (100000138,'Sade','Jones','Aenean.egestas.hendrerit@amet.com','1');
INSERT INTO Cantina.CLIENTE (Nif,Fname,Lname,Email,Tipo) VALUES (100000139,'Macey','Burke','Quisque.tincidunt@gravida.ca','1');
INSERT INTO Cantina.CLIENTE (Nif,Fname,Lname,Email,Tipo) VALUES (100000140,'Colleen','Phillips','Morbi.non.sapien@vitae.ca','1');
INSERT INTO Cantina.CLIENTE (Nif,Fname,Lname,Email,Tipo) VALUES (100000141,'Melodie','Carrillo','Nullam.ut@Morbimetus.com','1');
INSERT INTO Cantina.CLIENTE (Nif,Fname,Lname,Email,Tipo) VALUES (100000142,'Slade','Travis','ipsum@Donectincidunt.edu','1');
INSERT INTO Cantina.CLIENTE (Nif,Fname,Lname,Email,Tipo) VALUES (100000143,'Carl','Heath','et.ultrices.posuere@auctorveliteget.co.uk','1');
INSERT INTO Cantina.CLIENTE (Nif,Fname,Lname,Email,Tipo) VALUES (100000144,'Davis','Woodward','elit.a@urnaconvallis.edu','1');
INSERT INTO Cantina.CLIENTE (Nif,Fname,Lname,Email,Tipo) VALUES (100000145,'Wang','Fox','neque.vitae@viverra.com','1');
INSERT INTO Cantina.CLIENTE (Nif,Fname,Lname,Email,Tipo) VALUES (100000146,'Asher','Phelps','id.ante.Nunc@euultrices.co.uk','1');
INSERT INTO Cantina.CLIENTE (Nif,Fname,Lname,Email,Tipo) VALUES (100000147,'Christian','Nieves','tellus.Nunc@imperdietnonvestibulum.com','1');
INSERT INTO Cantina.CLIENTE (Nif,Fname,Lname,Email,Tipo) VALUES (100000148,'Gannon','Valenzuela','amet@vitaeorci.edu','1');
INSERT INTO Cantina.CLIENTE (Nif,Fname,Lname,Email,Tipo) VALUES (100000149,'Christian','Shields','tellus.non@nunc.com','1');
INSERT INTO Cantina.CLIENTE (Nif,Fname,Lname,Email,Tipo) VALUES (100000150,'Raja','Taylor','erat.in@eteuismodet.edu','1');
INSERT INTO Cantina.CLIENTE (Nif,Fname,Lname,Email,Tipo) VALUES (100000151,'Rogan','Lawrence','elit@magnaLorem.net','1');
INSERT INTO Cantina.CLIENTE (Nif,Fname,Lname,Email,Tipo) VALUES (100000152,'Bertha','Calderon','nec.orci.Donec@vitaepurus.edu','1');
INSERT INTO Cantina.CLIENTE (Nif,Fname,Lname,Email,Tipo) VALUES (100000153,'Laura','Sears','dui.Cras.pellentesque@atpede.com','1');
INSERT INTO Cantina.CLIENTE (Nif,Fname,Lname,Email,Tipo) VALUES (100000154,'Hillary','Savage','at.fringilla@vulputateeuodio.co.uk','1');
INSERT INTO Cantina.CLIENTE (Nif,Fname,Lname,Email,Tipo) VALUES (100000155,'Alexa','Watkins','Sed.et.libero@tempordiamdictum.co.uk','1');
INSERT INTO Cantina.CLIENTE (Nif,Fname,Lname,Email,Tipo) VALUES (100000156,'Brock','Elliott','dictum@FuscefeugiatLorem.ca','1');
INSERT INTO Cantina.CLIENTE (Nif,Fname,Lname,Email,Tipo) VALUES (100000157,'Andrew','Reese','fringilla.est.Mauris@auctornuncnulla.net','1');
INSERT INTO Cantina.CLIENTE (Nif,Fname,Lname,Email,Tipo) VALUES (100000158,'Ryder','Obrien','dolor.elit.pellentesque@leoelementum.edu','1');
INSERT INTO Cantina.CLIENTE (Nif,Fname,Lname,Email,Tipo) VALUES (100000159,'Hoyt','Berg','auctor.non.feugiat@ante.edu','1');
INSERT INTO Cantina.CLIENTE (Nif,Fname,Lname,Email,Tipo) VALUES (100000160,'Cherokee','Fulton','ac@enimEtiam.org','1');
INSERT INTO Cantina.CLIENTE (Nif,Fname,Lname,Email,Tipo) VALUES (100000161,'Nehru','Mcdowell','dui.semper@morbitristiquesenectus.org','1');
INSERT INTO Cantina.CLIENTE (Nif,Fname,Lname,Email,Tipo) VALUES (100000162,'Jessamine','Gentry','senectus.et@montesnasceturridiculus.com','1');
INSERT INTO Cantina.CLIENTE (Nif,Fname,Lname,Email,Tipo) VALUES (100000163,'Scarlett','Peck','varius.et@nectempus.net','1');
INSERT INTO Cantina.CLIENTE (Nif,Fname,Lname,Email,Tipo) VALUES (100000164,'Quamar','Phillips','semper.rutrum.Fusce@miacmattis.org','1');
INSERT INTO Cantina.CLIENTE (Nif,Fname,Lname,Email,Tipo) VALUES (100000165,'Wilma','Roach','nec.quam.Curabitur@duinec.edu','1');
INSERT INTO Cantina.CLIENTE (Nif,Fname,Lname,Email,Tipo) VALUES (100000166,'Rhoda','Reeves','ornare@Curabiturvellectus.net','1');
INSERT INTO Cantina.CLIENTE (Nif,Fname,Lname,Email,Tipo) VALUES (100000167,'Craig','Juarez','et.rutrum@fringilla.com','1');
INSERT INTO Cantina.CLIENTE (Nif,Fname,Lname,Email,Tipo) VALUES (100000168,'Zorita','Mitchell','Cras.vehicula@Suspendisse.ca','1');
INSERT INTO Cantina.CLIENTE (Nif,Fname,Lname,Email,Tipo) VALUES (100000169,'Maxwell','Harrell','sem@euerat.net','1');
INSERT INTO Cantina.CLIENTE (Nif,Fname,Lname,Email,Tipo) VALUES (100000170,'McKenzie','Pruitt','a.purus@habitantmorbitristique.edu','1');
INSERT INTO Cantina.CLIENTE (Nif,Fname,Lname,Email,Tipo) VALUES (100000171,'Ahmed','Bailey','dictum@ullamcorpereueuismod.edu','1');
INSERT INTO Cantina.CLIENTE (Nif,Fname,Lname,Email,Tipo) VALUES (100000172,'Giacomo','Nixon','tincidunt.dui.augue@felisNullatempor.com','1');
INSERT INTO Cantina.CLIENTE (Nif,Fname,Lname,Email,Tipo) VALUES (100000173,'Aline','Cooper','a.sollicitudin.orci@idsapien.com','1');
INSERT INTO Cantina.CLIENTE (Nif,Fname,Lname,Email,Tipo) VALUES (100000174,'Ross','Leonard','ornare@in.com','1');
INSERT INTO Cantina.CLIENTE (Nif,Fname,Lname,Email,Tipo) VALUES (100000175,'Karyn','Barrett','Nunc.mauris@dolorquam.net','1');
INSERT INTO Cantina.CLIENTE (Nif,Fname,Lname,Email,Tipo) VALUES (100000176,'Lael','Anthony','quis.tristique.ac@eu.com','1');
INSERT INTO Cantina.CLIENTE (Nif,Fname,Lname,Email,Tipo) VALUES (100000177,'Declan','Glover','Sed.nunc.est@idmollis.net','1');
INSERT INTO Cantina.CLIENTE (Nif,Fname,Lname,Email,Tipo) VALUES (100000178,'Jerome','Hale','Integer.urna@hendrerit.co.uk','1');
INSERT INTO Cantina.CLIENTE (Nif,Fname,Lname,Email,Tipo) VALUES (100000179,'Francesca','Rios','elit.pellentesque.a@placerat.co.uk','1');
INSERT INTO Cantina.CLIENTE (Nif,Fname,Lname,Email,Tipo) VALUES (100000180,'Brenden','Holland','lorem.vitae@dictumultricies.ca','1');
INSERT INTO Cantina.CLIENTE (Nif,Fname,Lname,Email,Tipo) VALUES (100000181,'Burke','Nicholson','elit.Aliquam@imperdiet.com','1');
INSERT INTO Cantina.CLIENTE (Nif,Fname,Lname,Email,Tipo) VALUES (100000182,'Caldwell','Wong','Maecenas@diamSeddiam.edu','1');
INSERT INTO Cantina.CLIENTE (Nif,Fname,Lname,Email,Tipo) VALUES (100000183,'Briar','Norris','feugiat.placerat.velit@vulputateullamcorper.com','1');
INSERT INTO Cantina.CLIENTE (Nif,Fname,Lname,Email,Tipo) VALUES (100000184,'Yoshio','Holden','nascetur.ridiculus.mus@consectetuercursuset.net','1');
INSERT INTO Cantina.CLIENTE (Nif,Fname,Lname,Email,Tipo) VALUES (100000185,'Palmer','Villarreal','mauris@disparturient.com','1');
INSERT INTO Cantina.CLIENTE (Nif,Fname,Lname,Email,Tipo) VALUES (100000186,'Valentine','Salazar','arcu.Morbi.sit@Vestibulumaccumsan.net','1');
INSERT INTO Cantina.CLIENTE (Nif,Fname,Lname,Email,Tipo) VALUES (100000187,'Kevin','Knox','sit.amet.risus@nisi.edu','1');
INSERT INTO Cantina.CLIENTE (Nif,Fname,Lname,Email,Tipo) VALUES (100000188,'Ivor','Cole','eu.euismod@necante.com','1');
INSERT INTO Cantina.CLIENTE (Nif,Fname,Lname,Email,Tipo) VALUES (100000189,'Adam','Bray','Etiam.bibendum@sed.edu','1');
INSERT INTO Cantina.CLIENTE (Nif,Fname,Lname,Email,Tipo) VALUES (100000190,'Idola','Paul','Aenean.eget.magna@Phasellusdolorelit.edu','1');
INSERT INTO Cantina.CLIENTE (Nif,Fname,Lname,Email,Tipo) VALUES (100000191,'Rina','Estes','Nulla@miAliquamgravida.edu','1');
INSERT INTO Cantina.CLIENTE (Nif,Fname,Lname,Email,Tipo) VALUES (100000192,'Lester','Jimenez','lectus.a.sollicitudin@afelisullamcorper.co.uk','1');
INSERT INTO Cantina.CLIENTE (Nif,Fname,Lname,Email,Tipo) VALUES (100000193,'John','Hubbard','tincidunt.Donec.vitae@semPellentesque.com','1');
INSERT INTO Cantina.CLIENTE (Nif,Fname,Lname,Email,Tipo) VALUES (100000194,'Kyle','Jimenez','suscipit.nonummy@dis.ca','1');
INSERT INTO Cantina.CLIENTE (Nif,Fname,Lname,Email,Tipo) VALUES (100000195,'Elvis','Camacho','accumsan.neque@etnetuset.net','1');
INSERT INTO Cantina.CLIENTE (Nif,Fname,Lname,Email,Tipo) VALUES (100000196,'Barry','Dominguez','vulputate.eu@vulputatevelit.com','1');
INSERT INTO Cantina.CLIENTE (Nif,Fname,Lname,Email,Tipo) VALUES (100000197,'Haviva','Sandoval','Proin.velit.Sed@metusurnaconvallis.ca','1');
INSERT INTO Cantina.CLIENTE (Nif,Fname,Lname,Email,Tipo) VALUES (100000198,'Quemby','Rosa','diam@estNunclaoreet.co.uk','1');
INSERT INTO Cantina.CLIENTE (Nif,Fname,Lname,Email,Tipo) VALUES (100000199,'Ian','Velazquez','eget.nisi.dictum@pedeultrices.org','1');
INSERT INTO Cantina.CLIENTE (Nif,Fname,Lname,Email,Tipo) VALUES (100000200,'Joy','Riley','urna.nec@Nam.ca','1');
INSERT INTO Cantina.CLIENTE (Nif,Fname,Lname,Email,Tipo) VALUES (100000201,'Imogene','Mayo','risus.Quisque.libero@aaliquet.net','1');
INSERT INTO Cantina.CLIENTE (Nif,Fname,Lname,Email,Tipo) VALUES (100000202,'Lillian','Cook','dolor.Donec@Praesenteu.edu','1');
INSERT INTO Cantina.CLIENTE (Nif,Fname,Lname,Email,Tipo) VALUES (100000203,'Bernard','Russo','nibh.Quisque.nonummy@semperrutrumFusce.com','1');
INSERT INTO Cantina.CLIENTE (Nif,Fname,Lname,Email,Tipo) VALUES (100000204,'Maia','Holloway','eget.odio.Aliquam@ipsumdolor.org','1');
INSERT INTO Cantina.CLIENTE (Nif,Fname,Lname,Email,Tipo) VALUES (100000205,'Claudia','Lloyd','ut@elitCurabitursed.org','1');
INSERT INTO Cantina.CLIENTE (Nif,Fname,Lname,Email,Tipo) VALUES (100000206,'Armand','Rodriquez','rutrum.non@risus.co.uk','1');
INSERT INTO Cantina.CLIENTE (Nif,Fname,Lname,Email,Tipo) VALUES (100000207,'Adara','Cochran','Praesent@Phasellus.net','1');
INSERT INTO Cantina.CLIENTE (Nif,Fname,Lname,Email,Tipo) VALUES (100000208,'Benedict','Hampton','sagittis.lobortis@habitantmorbi.org','1');
INSERT INTO Cantina.CLIENTE (Nif,Fname,Lname,Email,Tipo) VALUES (100000209,'Keely','Baxter','odio.auctor.vitae@interdum.org','1');
INSERT INTO Cantina.CLIENTE (Nif,Fname,Lname,Email,Tipo) VALUES (100000210,'John','Armstrong','Quisque@eget.org','1');
INSERT INTO Cantina.CLIENTE (Nif,Fname,Lname,Email,Tipo) VALUES (100000211,'Armando','Fitzgerald','tellus.non.magna@acrisus.com','1');
INSERT INTO Cantina.CLIENTE (Nif,Fname,Lname,Email,Tipo) VALUES (100000212,'Arsenio','Booker','non.massa@elitsedconsequat.com','1');
INSERT INTO Cantina.CLIENTE (Nif,Fname,Lname,Email,Tipo) VALUES (100000213,'Elijah','Gallegos','elementum.dui.quis@maurisanunc.edu','1');
INSERT INTO Cantina.CLIENTE (Nif,Fname,Lname,Email,Tipo) VALUES (100000214,'Tanek','Underwood','quis@dapibusligula.ca','1');
INSERT INTO Cantina.CLIENTE (Nif,Fname,Lname,Email,Tipo) VALUES (100000215,'Victor','Frost','eget.metus@Duismi.com','1');
INSERT INTO Cantina.CLIENTE (Nif,Fname,Lname,Email,Tipo) VALUES (100000216,'Daphne','Juarez','Nunc.sed.orci@nectellusNunc.co.uk','1');
INSERT INTO Cantina.CLIENTE (Nif,Fname,Lname,Email,Tipo) VALUES (100000217,'Quemby','Hudson','tellus.lorem.eu@quis.edu','1');
INSERT INTO Cantina.CLIENTE (Nif,Fname,Lname,Email,Tipo) VALUES (100000218,'Porter','Joyce','pede.nonummy@Nullamutnisi.edu','1');
INSERT INTO Cantina.CLIENTE (Nif,Fname,Lname,Email,Tipo) VALUES (100000219,'Halee','Pitts','luctus@Nullamsuscipit.org','1');
INSERT INTO Cantina.CLIENTE (Nif,Fname,Lname,Email,Tipo) VALUES (100000220,'Graiden','Raymond','ac@Nullam.edu','1');
INSERT INTO Cantina.CLIENTE (Nif,Fname,Lname,Email,Tipo) VALUES (100000221,'Hedy','William','ante@convallisante.edu','1');
INSERT INTO Cantina.CLIENTE (Nif,Fname,Lname,Email,Tipo) VALUES (100000222,'Allistair','Mccormick','Cras.interdum.Nunc@bibendumfermentum.ca','1');
INSERT INTO Cantina.CLIENTE (Nif,Fname,Lname,Email,Tipo) VALUES (100000223,'Nyssa','Preston','eros@libero.ca','1');
INSERT INTO Cantina.CLIENTE (Nif,Fname,Lname,Email,Tipo) VALUES (100000224,'Amir','Ashley','ac.urna@egetodio.net','1');
INSERT INTO Cantina.CLIENTE (Nif,Fname,Lname,Email,Tipo) VALUES (100000225,'Cynthia','Pratt','cursus.et.magna@suscipitnonummy.org','1');
INSERT INTO Cantina.CLIENTE (Nif,Fname,Lname,Email,Tipo) VALUES (100000226,'Mollie','Parsons','Proin.velit@Ut.net','1');
INSERT INTO Cantina.CLIENTE (Nif,Fname,Lname,Email,Tipo) VALUES (100000227,'Kylan','Day','lobortis@mi.org','1');
INSERT INTO Cantina.CLIENTE (Nif,Fname,Lname,Email,Tipo) VALUES (100000228,'Scarlet','Head','vitae.velit@et.com','1');
INSERT INTO Cantina.CLIENTE (Nif,Fname,Lname,Email,Tipo) VALUES (100000229,'Barry','Kramer','Cras.convallis.convallis@atvelit.co.uk','1');
INSERT INTO Cantina.CLIENTE (Nif,Fname,Lname,Email,Tipo) VALUES (100000230,'Shay','Gaines','nunc@diam.com','1');
INSERT INTO Cantina.CLIENTE (Nif,Fname,Lname,Email,Tipo) VALUES (100000231,'Candice','Clements','elit.pretium.et@sedfacilisisvitae.net','1');
INSERT INTO Cantina.CLIENTE (Nif,Fname,Lname,Email,Tipo) VALUES (100000232,'Bo','Hansen','mauris@afeugiat.net','1');
INSERT INTO Cantina.CLIENTE (Nif,Fname,Lname,Email,Tipo) VALUES (100000233,'Ralph','Burch','arcu@blanditcongue.net','1');
INSERT INTO Cantina.CLIENTE (Nif,Fname,Lname,Email,Tipo) VALUES (100000234,'Dieter','Baxter','Nunc.ac@faucibuslectusa.co.uk','1');
INSERT INTO Cantina.CLIENTE (Nif,Fname,Lname,Email,Tipo) VALUES (100000235,'Wilma','Vaughan','blandit.Nam@tinciduntnunc.net','1');
INSERT INTO Cantina.CLIENTE (Nif,Fname,Lname,Email,Tipo) VALUES (100000236,'Amber','Wolfe','enim@MorbivehiculaPellentesque.edu','1');
INSERT INTO Cantina.CLIENTE (Nif,Fname,Lname,Email,Tipo) VALUES (100000237,'Joseph','Watson','natoque@eu.org','1');
INSERT INTO Cantina.CLIENTE (Nif,Fname,Lname,Email,Tipo) VALUES (100000238,'Richard','Mcintyre','Sed.eget@turpisegestasAliquam.ca','1');
INSERT INTO Cantina.CLIENTE (Nif,Fname,Lname,Email,Tipo) VALUES (100000239,'Sara','Callahan','ultricies.sem@quam.ca','1');
INSERT INTO Cantina.CLIENTE (Nif,Fname,Lname,Email,Tipo) VALUES (100000240,'Chester','Munoz','Proin.eget@convallisincursus.net','1');
INSERT INTO Cantina.CLIENTE (Nif,Fname,Lname,Email,Tipo) VALUES (100000241,'Joseph','Mcmillan','blandit@sitametconsectetuer.co.uk','1');
INSERT INTO Cantina.CLIENTE (Nif,Fname,Lname,Email,Tipo) VALUES (100000242,'Laith','Conway','sagittis@augue.org','1');
INSERT INTO Cantina.CLIENTE (Nif,Fname,Lname,Email,Tipo) VALUES (100000243,'Dacey','Emerson','laoreet@DonecegestasAliquam.org','1');
INSERT INTO Cantina.CLIENTE (Nif,Fname,Lname,Email,Tipo) VALUES (100000244,'Mari','Russell','odio.a@elementum.com','1');
INSERT INTO Cantina.CLIENTE (Nif,Fname,Lname,Email,Tipo) VALUES (100000245,'Moses','Suarez','congue.a.aliquet@antedictum.com','1');
INSERT INTO Cantina.CLIENTE (Nif,Fname,Lname,Email,Tipo) VALUES (100000246,'Chadwick','Chaney','parturient.montes@Donecconsectetuermauris.co.uk','1');
INSERT INTO Cantina.CLIENTE (Nif,Fname,Lname,Email,Tipo) VALUES (100000247,'Emerson','Moss','velit.eu.sem@Proin.com','1');
INSERT INTO Cantina.CLIENTE (Nif,Fname,Lname,Email,Tipo) VALUES (100000248,'Jaquelyn','Sexton','dui@eratvelpede.net','1');
INSERT INTO Cantina.CLIENTE (Nif,Fname,Lname,Email,Tipo) VALUES (100000249,'Hop','Collins','vulputate@Namac.org','1');
INSERT INTO Cantina.CLIENTE (Nif,Fname,Lname,Email,Tipo) VALUES (100000250,'Kalia','Rodriguez','In.mi@semut.co.uk','1');
INSERT INTO Cantina.CLIENTE (Nif,Fname,Lname,Email,Tipo) VALUES (100000251,'Rhonda','Baird','nec.metus@elementum.com','1');
INSERT INTO Cantina.CLIENTE (Nif,Fname,Lname,Email,Tipo) VALUES (100000252,'Cain','Daniels','Sed.eu@aultricies.edu','1');
INSERT INTO Cantina.CLIENTE (Nif,Fname,Lname,Email,Tipo) VALUES (100000253,'Callie','May','risus.Donec@sed.com','1');
INSERT INTO Cantina.CLIENTE (Nif,Fname,Lname,Email,Tipo) VALUES (100000254,'Luke','Mcfadden','eget.ipsum@libero.net','1');
INSERT INTO Cantina.CLIENTE (Nif,Fname,Lname,Email,Tipo) VALUES (100000255,'Chester','Weaver','Cum.sociis.natoque@neque.net','1');
INSERT INTO Cantina.CLIENTE (Nif,Fname,Lname,Email,Tipo) VALUES (100000256,'Leah','Conley','et.risus.Quisque@non.com','1');
INSERT INTO Cantina.CLIENTE (Nif,Fname,Lname,Email,Tipo) VALUES (100000257,'Paloma','Goodman','Quisque.purus@Maurisutquam.com','1');
INSERT INTO Cantina.CLIENTE (Nif,Fname,Lname,Email,Tipo) VALUES (100000258,'Edward','Tyler','Curae@penatibusetmagnis.net','1');
INSERT INTO Cantina.CLIENTE (Nif,Fname,Lname,Email,Tipo) VALUES (100000259,'Dorothy','Wise','mi.fringilla.mi@orciinconsequat.edu','1');
INSERT INTO Cantina.CLIENTE (Nif,Fname,Lname,Email,Tipo) VALUES (100000260,'Carla','Williamson','neque@Integervulputaterisus.net','1');
INSERT INTO Cantina.CLIENTE (Nif,Fname,Lname,Email,Tipo) VALUES (100000261,'Phoebe','Sutton','risus@quamPellentesque.ca','1');
INSERT INTO Cantina.CLIENTE (Nif,Fname,Lname,Email,Tipo) VALUES (100000262,'Dustin','Stanton','et@congueturpisIn.org','1');
INSERT INTO Cantina.CLIENTE (Nif,Fname,Lname,Email,Tipo) VALUES (100000263,'Prescott','Steele','mauris.ipsum.porta@idanteNunc.net','1');
INSERT INTO Cantina.CLIENTE (Nif,Fname,Lname,Email,Tipo) VALUES (100000264,'Adrian','Mendez','et@senectusetnetus.edu','1');
INSERT INTO Cantina.CLIENTE (Nif,Fname,Lname,Email,Tipo) VALUES (100000265,'Adrian','Winters','vel.arcu@ametfaucibus.com','1');
INSERT INTO Cantina.CLIENTE (Nif,Fname,Lname,Email,Tipo) VALUES (100000266,'Tasha','Mcintyre','enim.mi@adipiscing.net','1');
INSERT INTO Cantina.CLIENTE (Nif,Fname,Lname,Email,Tipo) VALUES (100000267,'Demetrius','Day','auctor.odio.a@consectetuer.com','1');
INSERT INTO Cantina.CLIENTE (Nif,Fname,Lname,Email,Tipo) VALUES (100000268,'Henry','Patrick','Integer@Nullaeuneque.org','1');
INSERT INTO Cantina.CLIENTE (Nif,Fname,Lname,Email,Tipo) VALUES (100000269,'Inga','Steele','Aliquam.vulputate.ullamcorper@malesuada.org','1');
INSERT INTO Cantina.CLIENTE (Nif,Fname,Lname,Email,Tipo) VALUES (100000270,'Raven','Clark','nascetur.ridiculus@odioPhasellusat.org','1');
INSERT INTO Cantina.CLIENTE (Nif,Fname,Lname,Email,Tipo) VALUES (100000271,'Vanna','Ray','accumsan.sed.facilisis@Duis.edu','1');
INSERT INTO Cantina.CLIENTE (Nif,Fname,Lname,Email,Tipo) VALUES (100000272,'Dane','Bowen','tellus@faucibusleo.co.uk','1');
INSERT INTO Cantina.CLIENTE (Nif,Fname,Lname,Email,Tipo) VALUES (100000273,'Madaline','Tran','sociis.natoque.penatibus@consectetuer.org','1');
INSERT INTO Cantina.CLIENTE (Nif,Fname,Lname,Email,Tipo) VALUES (100000274,'Hedwig','Boyle','lorem.tristique.aliquet@Utnecurna.org','1');
INSERT INTO Cantina.CLIENTE (Nif,Fname,Lname,Email,Tipo) VALUES (100000275,'Myles','Cooke','Nunc.mauris.elit@dolor.ca','1');
INSERT INTO Cantina.CLIENTE (Nif,Fname,Lname,Email,Tipo) VALUES (100000276,'Aileen','Rogers','vitae.odio@diam.edu','1');
INSERT INTO Cantina.CLIENTE (Nif,Fname,Lname,Email,Tipo) VALUES (100000277,'Sage','Bonner','commodo.ipsum.Suspendisse@diamDuis.com','1');
INSERT INTO Cantina.CLIENTE (Nif,Fname,Lname,Email,Tipo) VALUES (100000278,'Jasper','Hooper','aliquam@fringillamilacinia.com','1');
INSERT INTO Cantina.CLIENTE (Nif,Fname,Lname,Email,Tipo) VALUES (100000279,'Isaiah','Mueller','dui@laciniaorciconsectetuer.ca','1');
INSERT INTO Cantina.CLIENTE (Nif,Fname,Lname,Email,Tipo) VALUES (100000280,'Griffith','Powers','sit@egetmollislectus.co.uk','1');
INSERT INTO Cantina.CLIENTE (Nif,Fname,Lname,Email,Tipo) VALUES (100000281,'Hope','Wilkins','non@egestas.ca','1');
INSERT INTO Cantina.CLIENTE (Nif,Fname,Lname,Email,Tipo) VALUES (100000282,'Fritz','Lowe','semper.rutrum.Fusce@idante.ca','1');
INSERT INTO Cantina.CLIENTE (Nif,Fname,Lname,Email,Tipo) VALUES (100000283,'Hayley','Landry','Mauris.non@posuere.org','1');
INSERT INTO Cantina.CLIENTE (Nif,Fname,Lname,Email,Tipo) VALUES (100000284,'Madaline','Meyers','blandit@Donecest.ca','1');
INSERT INTO Cantina.CLIENTE (Nif,Fname,Lname,Email,Tipo) VALUES (100000285,'Eugenia','Rhodes','ut@neque.org','1');
INSERT INTO Cantina.CLIENTE (Nif,Fname,Lname,Email,Tipo) VALUES (100000286,'Erasmus','Lowe','eu@mitempor.ca','1');
INSERT INTO Cantina.CLIENTE (Nif,Fname,Lname,Email,Tipo) VALUES (100000287,'Kelly','Rush','a.facilisis@apurus.ca','1');
INSERT INTO Cantina.CLIENTE (Nif,Fname,Lname,Email,Tipo) VALUES (100000288,'Zephania','Garner','turpis@luctusutpellentesque.com','1');
INSERT INTO Cantina.CLIENTE (Nif,Fname,Lname,Email,Tipo) VALUES (100000289,'Hyacinth','Walter','enim.sit@utaliquam.net','1');
INSERT INTO Cantina.CLIENTE (Nif,Fname,Lname,Email,Tipo) VALUES (100000290,'Tyrone','Dyer','pede.Cras@egetvenenatis.co.uk','1');
INSERT INTO Cantina.CLIENTE (Nif,Fname,Lname,Email,Tipo) VALUES (100000291,'Kelsey','Russell','et.tristique@magna.net','1');
INSERT INTO Cantina.CLIENTE (Nif,Fname,Lname,Email,Tipo) VALUES (100000292,'Madeline','Hinton','Proin.vel.arcu@sedorci.net','1');
INSERT INTO Cantina.CLIENTE (Nif,Fname,Lname,Email,Tipo) VALUES (100000293,'Rigel','Padilla','orci.luctus.et@a.ca','1');
INSERT INTO Cantina.CLIENTE (Nif,Fname,Lname,Email,Tipo) VALUES (100000294,'Illana','Peck','Donec.egestas@malesuada.org','1');
INSERT INTO Cantina.CLIENTE (Nif,Fname,Lname,Email,Tipo) VALUES (100000295,'Jared','Mcintosh','felis@amet.com','1');
INSERT INTO Cantina.CLIENTE (Nif,Fname,Lname,Email,Tipo) VALUES (100000296,'Liberty','Howe','ultrices@ridiculus.org','1');
INSERT INTO Cantina.CLIENTE (Nif,Fname,Lname,Email,Tipo) VALUES (100000297,'Raymond','Reese','ullamcorper.Duis.at@senectusetnetus.co.uk','1');
INSERT INTO Cantina.CLIENTE (Nif,Fname,Lname,Email,Tipo) VALUES (100000298,'Jocelyn','Morse','nunc.sit@quisturpisvitae.net','1');
INSERT INTO Cantina.CLIENTE (Nif,Fname,Lname,Email,Tipo) VALUES (100000299,'Althea','Ortiz','mauris.sagittis.placerat@nislsemconsequat.ca','1');
INSERT INTO Cantina.CLIENTE (Nif,Fname,Lname,Email,Tipo) VALUES (100000300,'Alan','Howe','sed.facilisis.vitae@etpede.com','4');
INSERT INTO Cantina.CLIENTE (Nif,Fname,Lname,Email,Tipo) VALUES (100000301,'Shelley','Robles','felis@Nunccommodo.edu','4');
INSERT INTO Cantina.CLIENTE (Nif,Fname,Lname,Email,Tipo) VALUES (100000302,'Emmanuel','Clark','parturient.montes.nascetur@aliquet.com','4');
INSERT INTO Cantina.CLIENTE (Nif,Fname,Lname,Email,Tipo) VALUES (100000303,'Ann','Barron','Quisque.varius@duiquis.ca','2');
INSERT INTO Cantina.CLIENTE (Nif,Fname,Lname,Email,Tipo) VALUES (100000304,'Helen','May','est@tinciduntorci.co.uk','2');
INSERT INTO Cantina.CLIENTE (Nif,Fname,Lname,Email,Tipo) VALUES (100000305,'Hayes','Castillo','nibh@tempor.co.uk','2');
INSERT INTO Cantina.CLIENTE (Nif,Fname,Lname,Email,Tipo) VALUES (100000306,'Felix','Massey','augue.ac.ipsum@veliteusem.co.uk','3');
INSERT INTO Cantina.CLIENTE (Nif,Fname,Lname,Email,Tipo) VALUES (100000307,'Mark','Chaney','eleifend.nec.malesuada@Vestibulumante.com','2');
INSERT INTO Cantina.CLIENTE (Nif,Fname,Lname,Email,Tipo) VALUES (100000308,'Orlando','Chapman','ultricies.adipiscing@Cras.ca','2');
INSERT INTO Cantina.CLIENTE (Nif,Fname,Lname,Email,Tipo) VALUES (100000309,'Pandora','Banks','nec.ante.blandit@Sed.net','4');
INSERT INTO Cantina.CLIENTE (Nif,Fname,Lname,Email,Tipo) VALUES (100000310,'Kenneth','Farley','sem@lorem.com','3');
INSERT INTO Cantina.CLIENTE (Nif,Fname,Lname,Email,Tipo) VALUES (100000311,'Henry','Stanton','eu@est.ca','4');
INSERT INTO Cantina.CLIENTE (Nif,Fname,Lname,Email,Tipo) VALUES (100000312,'September','Rivers','tellus@turpis.ca','2');
INSERT INTO Cantina.CLIENTE (Nif,Fname,Lname,Email,Tipo) VALUES (100000313,'Rinah','Bray','aliquam@euplacerat.org','2');
INSERT INTO Cantina.CLIENTE (Nif,Fname,Lname,Email,Tipo) VALUES (100000314,'Jaime','Charles','lorem@idnuncinterdum.edu','3');
INSERT INTO Cantina.CLIENTE (Nif,Fname,Lname,Email,Tipo) VALUES (100000315,'Shad','Faulkner','lobortis.quis@pharetrafelis.edu','3');
INSERT INTO Cantina.CLIENTE (Nif,Fname,Lname,Email,Tipo) VALUES (100000316,'Hanae','Valentine','semper@odio.ca','2');
INSERT INTO Cantina.CLIENTE (Nif,Fname,Lname,Email,Tipo) VALUES (100000317,'Ariel','Bridges','felis@nec.org','3');
INSERT INTO Cantina.CLIENTE (Nif,Fname,Lname,Email,Tipo) VALUES (100000318,'Hollee','Douglas','sodales@augue.org','4');
INSERT INTO Cantina.CLIENTE (Nif,Fname,Lname,Email,Tipo) VALUES (100000319,'Hayes','Obrien','tincidunt@est.net','2');
INSERT INTO Cantina.CLIENTE (Nif,Fname,Lname,Email,Tipo) VALUES (100000320,'Caldwell','Gray','lacus.varius.et@nibhAliquamornare.net','2');
INSERT INTO Cantina.CLIENTE (Nif,Fname,Lname,Email,Tipo) VALUES (100000321,'Bert','Rivera','elementum.dui@ante.edu','4');
INSERT INTO Cantina.CLIENTE (Nif,Fname,Lname,Email,Tipo) VALUES (100000322,'Carla','Bullock','ac@magnaatortor.org','3');
INSERT INTO Cantina.CLIENTE (Nif,Fname,Lname,Email,Tipo) VALUES (100000323,'Blossom','Dyer','malesuada@iaculisenim.co.uk','2');
INSERT INTO Cantina.CLIENTE (Nif,Fname,Lname,Email,Tipo) VALUES (100000324,'Zachary','Lyons','risus@Utnecurna.edu','3');
INSERT INTO Cantina.CLIENTE (Nif,Fname,Lname,Email,Tipo) VALUES (100000325,'Dieter','Gillespie','eleifend.non.dapibus@aliquetodioEtiam.org','2');
INSERT INTO Cantina.CLIENTE (Nif,Fname,Lname,Email,Tipo) VALUES (100000326,'Melinda','Lucas','nec.leo.Morbi@auctorveliteget.edu','3');
INSERT INTO Cantina.CLIENTE (Nif,Fname,Lname,Email,Tipo) VALUES (100000327,'Clayton','Holmes','semper@Ut.org','2');
INSERT INTO Cantina.CLIENTE (Nif,Fname,Lname,Email,Tipo) VALUES (100000328,'Yvette','Munoz','enim.nisl@consectetueripsum.co.uk','2');
INSERT INTO Cantina.CLIENTE (Nif,Fname,Lname,Email,Tipo) VALUES (100000329,'Ross','Payne','lacus@luctusCurabituregestas.com','3');
INSERT INTO Cantina.CLIENTE (Nif,Fname,Lname,Email,Tipo) VALUES (100000330,'Kiona','Rocha','et.rutrum.non@orciluctuset.edu','3');
INSERT INTO Cantina.CLIENTE (Nif,Fname,Lname,Email,Tipo) VALUES (100000331,'Josiah','Nguyen','Nam.nulla@risus.com','4');
INSERT INTO Cantina.CLIENTE (Nif,Fname,Lname,Email,Tipo) VALUES (100000332,'Giacomo','Reid','id.libero@odiotristiquepharetra.org','4');
INSERT INTO Cantina.CLIENTE (Nif,Fname,Lname,Email,Tipo) VALUES (100000333,'Joy','Juarez','consequat@ametlorem.ca','2');
INSERT INTO Cantina.CLIENTE (Nif,Fname,Lname,Email,Tipo) VALUES (100000334,'Mark','Collier','turpis.non@augue.co.uk','3');
INSERT INTO Cantina.CLIENTE (Nif,Fname,Lname,Email,Tipo) VALUES (100000335,'Hollee','Kidd','feugiat@feugiat.ca','2');
INSERT INTO Cantina.CLIENTE (Nif,Fname,Lname,Email,Tipo) VALUES (100000336,'Haviva','Morgan','ante.dictum.cursus@faucibusMorbi.co.uk','4');
INSERT INTO Cantina.CLIENTE (Nif,Fname,Lname,Email,Tipo) VALUES (100000337,'Gannon','Colon','sit@laciniavitae.net','4');
INSERT INTO Cantina.CLIENTE (Nif,Fname,Lname,Email,Tipo) VALUES (100000338,'TaShya','Diaz','eget@arcuMorbi.org','4');
INSERT INTO Cantina.CLIENTE (Nif,Fname,Lname,Email,Tipo) VALUES (100000339,'Fiona','Pierce','Fusce.fermentum@rutrumFusce.com','4');
INSERT INTO Cantina.CLIENTE (Nif,Fname,Lname,Email,Tipo) VALUES (100000340,'Levi','Ayala','tortor@velpedeblandit.edu','3');
INSERT INTO Cantina.CLIENTE (Nif,Fname,Lname,Email,Tipo) VALUES (100000341,'Daquan','Preston','luctus.ipsum@in.net','4');
INSERT INTO Cantina.CLIENTE (Nif,Fname,Lname,Email,Tipo) VALUES (100000342,'Isabella','Estrada','Duis.mi@noncursus.ca','3');
INSERT INTO Cantina.CLIENTE (Nif,Fname,Lname,Email,Tipo) VALUES (100000343,'August','Sherman','facilisis.non@lacuspedesagittis.co.uk','3');
INSERT INTO Cantina.CLIENTE (Nif,Fname,Lname,Email,Tipo) VALUES (100000344,'Carl','Chavez','ante@vulputaterisus.org','3');
INSERT INTO Cantina.CLIENTE (Nif,Fname,Lname,Email,Tipo) VALUES (100000345,'Byron','Wheeler','mi@egetmagna.net','3');
INSERT INTO Cantina.CLIENTE (Nif,Fname,Lname,Email,Tipo) VALUES (100000346,'Duncan','Foster','neque.In@sapienmolestieorci.edu','2');
INSERT INTO Cantina.CLIENTE (Nif,Fname,Lname,Email,Tipo) VALUES (100000347,'Joel','Justice','fringilla.est.Mauris@accumsannequeet.co.uk','4');
INSERT INTO Cantina.CLIENTE (Nif,Fname,Lname,Email,Tipo) VALUES (100000348,'Wallace','Figueroa','commodo.hendrerit.Donec@tempus.edu','3');
INSERT INTO Cantina.CLIENTE (Nif,Fname,Lname,Email,Tipo) VALUES (100000349,'Holmes','Waters','augue.porttitor.interdum@Nullaaliquet.com','4');
INSERT INTO Cantina.CLIENTE (Nif,Fname,Lname,Email,Tipo) VALUES (100000350,'Gray','England','ipsum@ornareliberoat.com','4');
INSERT INTO Cantina.CLIENTE (Nif,Fname,Lname,Email,Tipo) VALUES (100000351,'Hillary','Short','non.feugiat.nec@nonummyipsumnon.edu','2');
INSERT INTO Cantina.CLIENTE (Nif,Fname,Lname,Email,Tipo) VALUES (100000352,'Erasmus','Mcintosh','non.sapien.molestie@egestasa.net','2');
INSERT INTO Cantina.CLIENTE (Nif,Fname,Lname,Email,Tipo) VALUES (100000353,'Hamish','Boone','sapien.cursus@metusIn.edu','2');
INSERT INTO Cantina.CLIENTE (Nif,Fname,Lname,Email,Tipo) VALUES (100000354,'Holmes','Coleman','vitae@eleifendnunc.com','3');
INSERT INTO Cantina.CLIENTE (Nif,Fname,Lname,Email,Tipo) VALUES (100000355,'Scarlet','Jarvis','Cras@fermentum.net','2');
INSERT INTO Cantina.CLIENTE (Nif,Fname,Lname,Email,Tipo) VALUES (100000356,'Clio','James','ut.molestie@eliterat.co.uk','3');
INSERT INTO Cantina.CLIENTE (Nif,Fname,Lname,Email,Tipo) VALUES (100000357,'Maggy','Baldwin','erat@a.edu','2');
INSERT INTO Cantina.CLIENTE (Nif,Fname,Lname,Email,Tipo) VALUES (100000358,'Chaim','Rivers','lorem@Quisque.org','4');
INSERT INTO Cantina.CLIENTE (Nif,Fname,Lname,Email,Tipo) VALUES (100000359,'Maisie','Wise','nec.cursus.a@lobortisrisus.org','4');
INSERT INTO Cantina.CLIENTE (Nif,Fname,Lname,Email,Tipo) VALUES (100000360,'Germaine','Mccray','id@orci.org','4');
INSERT INTO Cantina.CLIENTE (Nif,Fname,Lname,Email,Tipo) VALUES (100000361,'Lana','Carrillo','Nunc.pulvinar.arcu@venenatislacus.co.uk','3');
INSERT INTO Cantina.CLIENTE (Nif,Fname,Lname,Email,Tipo) VALUES (100000362,'Clementine','Carey','elit.pharetra@infelis.com','3');
INSERT INTO Cantina.CLIENTE (Nif,Fname,Lname,Email,Tipo) VALUES (100000363,'Armando','Duffy','ultrices@ipsumSuspendisse.co.uk','3');
INSERT INTO Cantina.CLIENTE (Nif,Fname,Lname,Email,Tipo) VALUES (100000364,'Kathleen','Vinson','id@rhoncus.com','4');
INSERT INTO Cantina.CLIENTE (Nif,Fname,Lname,Email,Tipo) VALUES (100000365,'Garrison','Sims','Nulla.tincidunt.neque@erateget.edu','2');
INSERT INTO Cantina.CLIENTE (Nif,Fname,Lname,Email,Tipo) VALUES (100000366,'Amanda','Hendricks','nulla@sapienAeneanmassa.org','3');
INSERT INTO Cantina.CLIENTE (Nif,Fname,Lname,Email,Tipo) VALUES (100000367,'Sasha','Collier','risus.Donec@aliquet.com','4');
INSERT INTO Cantina.CLIENTE (Nif,Fname,Lname,Email,Tipo) VALUES (100000368,'Jason','Nguyen','penatibus.et@lorem.edu','2');
INSERT INTO Cantina.CLIENTE (Nif,Fname,Lname,Email,Tipo) VALUES (100000369,'Vance','Haney','consequat@arcuvel.com','3');
INSERT INTO Cantina.CLIENTE (Nif,Fname,Lname,Email,Tipo) VALUES (100000370,'Galena','Norton','erat.vitae.risus@necurnasuscipit.com','4');
INSERT INTO Cantina.CLIENTE (Nif,Fname,Lname,Email,Tipo) VALUES (100000371,'Tobias','Hines','tincidunt@ultriciesornare.co.uk','2');
INSERT INTO Cantina.CLIENTE (Nif,Fname,Lname,Email,Tipo) VALUES (100000372,'Carson','Cole','Aliquam.ornare@nisi.ca','4');
INSERT INTO Cantina.CLIENTE (Nif,Fname,Lname,Email,Tipo) VALUES (100000373,'Inga','Rowland','quis.massa.Mauris@semperrutrum.net','2');
INSERT INTO Cantina.CLIENTE (Nif,Fname,Lname,Email,Tipo) VALUES (100000374,'August','Dunn','penatibus.et@maurisblandit.com','3');
INSERT INTO Cantina.CLIENTE (Nif,Fname,Lname,Email,Tipo) VALUES (100000375,'Bernard','Joyce','molestie.sodales.Mauris@velit.ca','4');
INSERT INTO Cantina.CLIENTE (Nif,Fname,Lname,Email,Tipo) VALUES (100000376,'Marshall','Tyler','magna@nuncQuisqueornare.ca','2');
INSERT INTO Cantina.CLIENTE (Nif,Fname,Lname,Email,Tipo) VALUES (100000377,'Prescott','Miranda','lorem@sapien.co.uk','2');
INSERT INTO Cantina.CLIENTE (Nif,Fname,Lname,Email,Tipo) VALUES (100000378,'Lev','Chang','sagittis.lobortis@seddictum.ca','2');
INSERT INTO Cantina.CLIENTE (Nif,Fname,Lname,Email,Tipo) VALUES (100000379,'Jade','Torres','euismod.urna@ut.co.uk','3');
INSERT INTO Cantina.CLIENTE (Nif,Fname,Lname,Email,Tipo) VALUES (100000380,'Prescott','Rodriquez','a.arcu.Sed@CuraeDonec.ca','3');
INSERT INTO Cantina.CLIENTE (Nif,Fname,Lname,Email,Tipo) VALUES (100000381,'Kerry','Maddox','nostra.per@IncondimentumDonec.edu','3');
INSERT INTO Cantina.CLIENTE (Nif,Fname,Lname,Email,Tipo) VALUES (100000382,'Rhea','Clayton','Mauris@semmolestie.net','3');
INSERT INTO Cantina.CLIENTE (Nif,Fname,Lname,Email,Tipo) VALUES (100000383,'April','Poole','tortor@montes.edu','4');
INSERT INTO Cantina.CLIENTE (Nif,Fname,Lname,Email,Tipo) VALUES (100000384,'Raphael','Murphy','In@a.org','3');
INSERT INTO Cantina.CLIENTE (Nif,Fname,Lname,Email,Tipo) VALUES (100000385,'Akeem','Nixon','In.nec.orci@natoquepenatibuset.edu','2');
INSERT INTO Cantina.CLIENTE (Nif,Fname,Lname,Email,Tipo) VALUES (100000386,'Caleb','Bolton','non@arcuMorbisit.com','3');
INSERT INTO Cantina.CLIENTE (Nif,Fname,Lname,Email,Tipo) VALUES (100000387,'Pearl','Miller','accumsan.sed.facilisis@dapibus.ca','2');
INSERT INTO Cantina.CLIENTE (Nif,Fname,Lname,Email,Tipo) VALUES (100000388,'Uriah','Washington','semper@egestaslaciniaSed.co.uk','3');
INSERT INTO Cantina.CLIENTE (Nif,Fname,Lname,Email,Tipo) VALUES (100000389,'Chaim','Castillo','Integer.in.magna@In.org','3');
INSERT INTO Cantina.CLIENTE (Nif,Fname,Lname,Email,Tipo) VALUES (100000390,'Declan','Cantrell','sed.sem.egestas@gravidamaurisut.ca','3');
INSERT INTO Cantina.CLIENTE (Nif,Fname,Lname,Email,Tipo) VALUES (100000391,'Joshua','Sims','arcu.Vestibulum.ante@Maecenasliberoest.net','2');
INSERT INTO Cantina.CLIENTE (Nif,Fname,Lname,Email,Tipo) VALUES (100000392,'Igor','Hampton','faucibus@Aliquam.com','3');
INSERT INTO Cantina.CLIENTE (Nif,Fname,Lname,Email,Tipo) VALUES (100000393,'Mikayla','Camacho','et@sed.co.uk','4');
INSERT INTO Cantina.CLIENTE (Nif,Fname,Lname,Email,Tipo) VALUES (100000394,'Reagan','Donaldson','ante@necdiam.ca','3');
INSERT INTO Cantina.CLIENTE (Nif,Fname,Lname,Email,Tipo) VALUES (100000395,'Katelyn','Buck','placerat.Cras.dictum@Uttincidunt.net','3');
INSERT INTO Cantina.CLIENTE (Nif,Fname,Lname,Email,Tipo) VALUES (100000396,'Winifred','Tate','elit.pretium.et@Donec.ca','3');
INSERT INTO Cantina.CLIENTE (Nif,Fname,Lname,Email,Tipo) VALUES (100000397,'Louis','Beach','auctor@nuncQuisqueornare.edu','4');
INSERT INTO Cantina.CLIENTE (Nif,Fname,Lname,Email,Tipo) VALUES (100000398,'Zephr','Bowman','magna@Inscelerisquescelerisque.org','2');
INSERT INTO Cantina.CLIENTE (Nif,Fname,Lname,Email,Tipo) VALUES (100000399,'Hop','Rivera','lacus.Etiam@cursusnon.ca','2');

INSERT INTO Cantina.COMPRA (Cnif,Datahora,Ref_fatura,Tipo,Fid) VALUES (100000150,'2020-06-01 04:20:44',1,'Funcionario','16');
INSERT INTO Cantina.COMPRA (Cnif,Datahora,Ref_fatura,Tipo,Fid) VALUES (100000325,'2020-06-05 04:55:33',2,'Estudante','2');
INSERT INTO Cantina.COMPRA (Cnif,Datahora,Ref_fatura,Tipo,Fid) VALUES (100000073,'2020-06-02 11:42:08',3,'Nao-Estudante','3');
INSERT INTO Cantina.COMPRA (Cnif,Datahora,Ref_fatura,Tipo,Fid) VALUES (100000088,'2020-06-06 20:16:00',4,'Estudante','14');
INSERT INTO Cantina.COMPRA (Cnif,Datahora,Ref_fatura,Tipo,Fid) VALUES (100000095,'2020-06-04 02:27:36',5,'Professor','9');
INSERT INTO Cantina.COMPRA (Cnif,Datahora,Ref_fatura,Tipo,Fid) VALUES (100000037,'2020-06-03 14:08:46',6,'Professor','14');
INSERT INTO Cantina.COMPRA (Cnif,Datahora,Ref_fatura,Tipo,Fid) VALUES (100000311,'2020-06-06 10:31:57',7,'Nao-Estudante','16');
INSERT INTO Cantina.COMPRA (Cnif,Datahora,Ref_fatura,Tipo,Fid) VALUES (100000135,'2020-06-05 16:15:11',8,'Professor','14');
INSERT INTO Cantina.COMPRA (Cnif,Datahora,Ref_fatura,Tipo,Fid) VALUES (100000090,'2020-06-05 00:05:54',9,'Estudante','9');
INSERT INTO Cantina.COMPRA (Cnif,Datahora,Ref_fatura,Tipo,Fid) VALUES (100000047,'2020-06-07 13:42:25',10,'Funcionario','3');
INSERT INTO Cantina.COMPRA (Cnif,Datahora,Ref_fatura,Tipo,Fid) VALUES (100000060,'2020-06-02 14:11:54',11,'Estudante','14');
INSERT INTO Cantina.COMPRA (Cnif,Datahora,Ref_fatura,Tipo,Fid) VALUES (100000051,'2020-06-07 15:39:32',12,'Professor','14');
INSERT INTO Cantina.COMPRA (Cnif,Datahora,Ref_fatura,Tipo,Fid) VALUES (100000055,'2020-06-02 16:38:16',13,'Nao-Estudante','2');
INSERT INTO Cantina.COMPRA (Cnif,Datahora,Ref_fatura,Tipo,Fid) VALUES (100000394,'2020-06-02 00:21:10',14,'Nao-Estudante','9');
INSERT INTO Cantina.COMPRA (Cnif,Datahora,Ref_fatura,Tipo,Fid) VALUES (100000297,'2020-06-07 22:03:13',15,'Estudante','14');
INSERT INTO Cantina.COMPRA (Cnif,Datahora,Ref_fatura,Tipo,Fid) VALUES (100000260,'2020-06-06 14:58:07',16,'Estudante','14');
INSERT INTO Cantina.COMPRA (Cnif,Datahora,Ref_fatura,Tipo,Fid) VALUES (100000291,'2020-06-05 08:48:00',17,'Funcionario','3');
INSERT INTO Cantina.COMPRA (Cnif,Datahora,Ref_fatura,Tipo,Fid) VALUES (100000152,'2020-06-03 20:26:26',18,'Funcionario','14');
INSERT INTO Cantina.COMPRA (Cnif,Datahora,Ref_fatura,Tipo,Fid) VALUES (100000182,'2020-06-06 14:13:17',19,'Nao-Estudante','3');
INSERT INTO Cantina.COMPRA (Cnif,Datahora,Ref_fatura,Tipo,Fid) VALUES (100000231,'2020-06-01 23:40:51',20,'Funcionario','2');
INSERT INTO Cantina.COMPRA (Cnif,Datahora,Ref_fatura,Tipo,Fid) VALUES (100000245,'2020-06-06 16:55:26',21,'Estudante','14');
INSERT INTO Cantina.COMPRA (Cnif,Datahora,Ref_fatura,Tipo,Fid) VALUES (100000263,'2020-06-03 06:09:00',22,'Nao-Estudante','3');
INSERT INTO Cantina.COMPRA (Cnif,Datahora,Ref_fatura,Tipo,Fid) VALUES (100000113,'2020-06-06 08:12:55',23,'Nao-Estudante','9');
INSERT INTO Cantina.COMPRA (Cnif,Datahora,Ref_fatura,Tipo,Fid) VALUES (100000341,'2020-06-05 08:16:27',24,'Estudante','14');
INSERT INTO Cantina.COMPRA (Cnif,Datahora,Ref_fatura,Tipo,Fid) VALUES (100000018,'2020-06-02 22:23:34',25,'Funcionario','3');
INSERT INTO Cantina.COMPRA (Cnif,Datahora,Ref_fatura,Tipo,Fid) VALUES (100000186,'2020-06-06 17:08:03',26,'Funcionario','16');
INSERT INTO Cantina.COMPRA (Cnif,Datahora,Ref_fatura,Tipo,Fid) VALUES (100000391,'2020-06-05 11:46:53',27,'Nao-Estudante','3');
INSERT INTO Cantina.COMPRA (Cnif,Datahora,Ref_fatura,Tipo,Fid) VALUES (100000277,'2020-06-02 13:52:54',28,'Funcionario','2');
INSERT INTO Cantina.COMPRA (Cnif,Datahora,Ref_fatura,Tipo,Fid) VALUES (100000183,'2020-06-02 15:07:20',29,'Funcionario','14');
INSERT INTO Cantina.COMPRA (Cnif,Datahora,Ref_fatura,Tipo,Fid) VALUES (100000127,'2020-06-01 05:59:27',30,'Professor','3');
INSERT INTO Cantina.COMPRA (Cnif,Datahora,Ref_fatura,Tipo,Fid) VALUES (100000258,'2020-06-01 22:12:07',31,'Professor','14');
INSERT INTO Cantina.COMPRA (Cnif,Datahora,Ref_fatura,Tipo,Fid) VALUES (100000113,'2020-06-04 21:39:12',32,'Professor','3');
INSERT INTO Cantina.COMPRA (Cnif,Datahora,Ref_fatura,Tipo,Fid) VALUES (100000379,'2020-06-05 20:27:36',33,'Funcionario','2');
INSERT INTO Cantina.COMPRA (Cnif,Datahora,Ref_fatura,Tipo,Fid) VALUES (100000272,'2020-06-05 06:43:55',34,'Estudante','3');
INSERT INTO Cantina.COMPRA (Cnif,Datahora,Ref_fatura,Tipo,Fid) VALUES (100000109,'2020-06-01 12:36:46',35,'Professor','14');
INSERT INTO Cantina.COMPRA (Cnif,Datahora,Ref_fatura,Tipo,Fid) VALUES (100000366,'2020-06-03 06:21:35',36,'Funcionario','16');
INSERT INTO Cantina.COMPRA (Cnif,Datahora,Ref_fatura,Tipo,Fid) VALUES (100000070,'2020-06-01 11:43:06',37,'Estudante','16');
INSERT INTO Cantina.COMPRA (Cnif,Datahora,Ref_fatura,Tipo,Fid) VALUES (100000341,'2020-06-07 02:27:53',38,'Estudante','9');
INSERT INTO Cantina.COMPRA (Cnif,Datahora,Ref_fatura,Tipo,Fid) VALUES (100000288,'2020-06-05 21:33:17',39,'Professor','14');
INSERT INTO Cantina.COMPRA (Cnif,Datahora,Ref_fatura,Tipo,Fid) VALUES (100000139,'2020-06-07 21:30:52',40,'Nao-Estudante','3');
INSERT INTO Cantina.COMPRA (Cnif,Datahora,Ref_fatura,Tipo,Fid) VALUES (100000036,'2020-06-04 00:32:46',41,'Nao-Estudante','2');
INSERT INTO Cantina.COMPRA (Cnif,Datahora,Ref_fatura,Tipo,Fid) VALUES (100000260,'2020-06-05 21:18:07',42,'Estudante','9');
INSERT INTO Cantina.COMPRA (Cnif,Datahora,Ref_fatura,Tipo,Fid) VALUES (100000217,'2020-06-04 11:28:49',43,'Professor','2');
INSERT INTO Cantina.COMPRA (Cnif,Datahora,Ref_fatura,Tipo,Fid) VALUES (100000083,'2020-06-06 17:45:54',44,'Funcionario','14');
INSERT INTO Cantina.COMPRA (Cnif,Datahora,Ref_fatura,Tipo,Fid) VALUES (100000218,'2020-06-07 01:10:08',45,'Nao-Estudante','2');
INSERT INTO Cantina.COMPRA (Cnif,Datahora,Ref_fatura,Tipo,Fid) VALUES (100000319,'2020-06-01 20:10:47',46,'Nao-Estudante','14');
INSERT INTO Cantina.COMPRA (Cnif,Datahora,Ref_fatura,Tipo,Fid) VALUES (100000141,'2020-06-05 06:13:43',47,'Estudante','9');
INSERT INTO Cantina.COMPRA (Cnif,Datahora,Ref_fatura,Tipo,Fid) VALUES (100000109,'2020-06-07 05:45:45',48,'Nao-Estudante','16');
INSERT INTO Cantina.COMPRA (Cnif,Datahora,Ref_fatura,Tipo,Fid) VALUES (100000215,'2020-06-03 19:42:09',49,'Professor','2');
INSERT INTO Cantina.COMPRA (Cnif,Datahora,Ref_fatura,Tipo,Fid) VALUES (100000155,'2020-06-06 05:12:12',50,'Estudante','3');
INSERT INTO Cantina.COMPRA (Cnif,Datahora,Ref_fatura,Tipo,Fid) VALUES (100000158,'2020-06-06 15:27:02',51,'Nao-Estudante','2');
INSERT INTO Cantina.COMPRA (Cnif,Datahora,Ref_fatura,Tipo,Fid) VALUES (100000139,'2020-06-01 06:13:57',52,'Funcionario','2');
INSERT INTO Cantina.COMPRA (Cnif,Datahora,Ref_fatura,Tipo,Fid) VALUES (100000059,'2020-06-07 16:00:52',53,'Nao-Estudante','2');
INSERT INTO Cantina.COMPRA (Cnif,Datahora,Ref_fatura,Tipo,Fid) VALUES (100000357,'2020-06-06 12:27:54',54,'Estudante','14');
INSERT INTO Cantina.COMPRA (Cnif,Datahora,Ref_fatura,Tipo,Fid) VALUES (100000135,'2020-06-05 09:39:19',55,'Professor','16');
INSERT INTO Cantina.COMPRA (Cnif,Datahora,Ref_fatura,Tipo,Fid) VALUES (100000260,'2020-06-05 15:46:49',56,'Professor','14');
INSERT INTO Cantina.COMPRA (Cnif,Datahora,Ref_fatura,Tipo,Fid) VALUES (100000400,'2020-06-04 14:53:19',57,'Estudante','16');
INSERT INTO Cantina.COMPRA (Cnif,Datahora,Ref_fatura,Tipo,Fid) VALUES (100000266,'2020-06-06 03:25:33',58,'Professor','2');
INSERT INTO Cantina.COMPRA (Cnif,Datahora,Ref_fatura,Tipo,Fid) VALUES (100000072,'2020-06-06 08:59:39',59,'Funcionario','16');
INSERT INTO Cantina.COMPRA (Cnif,Datahora,Ref_fatura,Tipo,Fid) VALUES (100000371,'2020-06-01 17:13:00',60,'Nao-Estudante','2');
INSERT INTO Cantina.COMPRA (Cnif,Datahora,Ref_fatura,Tipo,Fid) VALUES (100000165,'2020-06-04 11:15:12',61,'Funcionario','14');
INSERT INTO Cantina.COMPRA (Cnif,Datahora,Ref_fatura,Tipo,Fid) VALUES (100000147,'2020-06-02 06:04:37',62,'Estudante','3');
INSERT INTO Cantina.COMPRA (Cnif,Datahora,Ref_fatura,Tipo,Fid) VALUES (100000379,'2020-06-04 07:34:59',63,'Estudante','9');
INSERT INTO Cantina.COMPRA (Cnif,Datahora,Ref_fatura,Tipo,Fid) VALUES (100000400,'2020-06-07 13:43:42',64,'Funcionario','3');
INSERT INTO Cantina.COMPRA (Cnif,Datahora,Ref_fatura,Tipo,Fid) VALUES (100000038,'2020-06-04 02:21:52',65,'Funcionario','14');
INSERT INTO Cantina.COMPRA (Cnif,Datahora,Ref_fatura,Tipo,Fid) VALUES (100000090,'2020-06-03 04:28:56',66,'Estudante','9');
INSERT INTO Cantina.COMPRA (Cnif,Datahora,Ref_fatura,Tipo,Fid) VALUES (100000139,'2020-06-04 07:57:43',67,'Estudante','9');
INSERT INTO Cantina.COMPRA (Cnif,Datahora,Ref_fatura,Tipo,Fid) VALUES (100000211,'2020-06-05 09:35:41',68,'Nao-Estudante','16');
INSERT INTO Cantina.COMPRA (Cnif,Datahora,Ref_fatura,Tipo,Fid) VALUES (100000164,'2020-06-06 03:00:55',69,'Estudante','9');
INSERT INTO Cantina.COMPRA (Cnif,Datahora,Ref_fatura,Tipo,Fid) VALUES (100000235,'2020-06-03 21:29:25',70,'Estudante','16');
INSERT INTO Cantina.COMPRA (Cnif,Datahora,Ref_fatura,Tipo,Fid) VALUES (100000377,'2020-06-03 03:22:12',71,'Professor','14');
INSERT INTO Cantina.COMPRA (Cnif,Datahora,Ref_fatura,Tipo,Fid) VALUES (100000292,'2020-06-07 19:42:09',72,'Funcionario','2');
INSERT INTO Cantina.COMPRA (Cnif,Datahora,Ref_fatura,Tipo,Fid) VALUES (100000289,'2020-06-04 21:15:28',73,'Funcionario','3');
INSERT INTO Cantina.COMPRA (Cnif,Datahora,Ref_fatura,Tipo,Fid) VALUES (100000319,'2020-06-04 00:57:01',74,'Professor','14');
INSERT INTO Cantina.COMPRA (Cnif,Datahora,Ref_fatura,Tipo,Fid) VALUES (100000056,'2020-06-03 04:23:44',75,'Funcionario','9');
INSERT INTO Cantina.COMPRA (Cnif,Datahora,Ref_fatura,Tipo,Fid) VALUES (100000305,'2020-06-04 04:43:53',76,'Estudante','9');
INSERT INTO Cantina.COMPRA (Cnif,Datahora,Ref_fatura,Tipo,Fid) VALUES (100000325,'2020-06-04 13:23:06',77,'Nao-Estudante','14');
INSERT INTO Cantina.COMPRA (Cnif,Datahora,Ref_fatura,Tipo,Fid) VALUES (100000123,'2020-06-02 15:56:30',78,'Nao-Estudante','16');
INSERT INTO Cantina.COMPRA (Cnif,Datahora,Ref_fatura,Tipo,Fid) VALUES (100000036,'2020-06-05 16:28:01',79,'Estudante','2');
INSERT INTO Cantina.COMPRA (Cnif,Datahora,Ref_fatura,Tipo,Fid) VALUES (100000233,'2020-06-03 03:32:34',80,'Estudante','2');
INSERT INTO Cantina.COMPRA (Cnif,Datahora,Ref_fatura,Tipo,Fid) VALUES (100000301,'2020-06-02 17:45:37',81,'Nao-Estudante','16');
INSERT INTO Cantina.COMPRA (Cnif,Datahora,Ref_fatura,Tipo,Fid) VALUES (100000242,'2020-06-03 11:29:40',82,'Professor','14');
INSERT INTO Cantina.COMPRA (Cnif,Datahora,Ref_fatura,Tipo,Fid) VALUES (100000236,'2020-06-04 02:52:36',83,'Professor','2');
INSERT INTO Cantina.COMPRA (Cnif,Datahora,Ref_fatura,Tipo,Fid) VALUES (100000064,'2020-06-04 10:19:40',84,'Funcionario','2');
INSERT INTO Cantina.COMPRA (Cnif,Datahora,Ref_fatura,Tipo,Fid) VALUES (100000068,'2020-06-07 11:56:36',85,'Professor','9');
INSERT INTO Cantina.COMPRA (Cnif,Datahora,Ref_fatura,Tipo,Fid) VALUES (100000205,'2020-06-03 09:36:31',86,'Funcionario','9');
INSERT INTO Cantina.COMPRA (Cnif,Datahora,Ref_fatura,Tipo,Fid) VALUES (100000336,'2020-06-03 21:18:22',87,'Estudante','9');
INSERT INTO Cantina.COMPRA (Cnif,Datahora,Ref_fatura,Tipo,Fid) VALUES (100000342,'2020-06-02 14:21:28',88,'Estudante','3');
INSERT INTO Cantina.COMPRA (Cnif,Datahora,Ref_fatura,Tipo,Fid) VALUES (100000372,'2020-06-07 22:22:11',89,'Estudante','14');
INSERT INTO Cantina.COMPRA (Cnif,Datahora,Ref_fatura,Tipo,Fid) VALUES (100000012,'2020-06-07 10:08:17',90,'Estudante','14');
INSERT INTO Cantina.COMPRA (Cnif,Datahora,Ref_fatura,Tipo,Fid) VALUES (100000070,'2020-06-04 06:59:00',91,'Estudante','2');
INSERT INTO Cantina.COMPRA (Cnif,Datahora,Ref_fatura,Tipo,Fid) VALUES (100000114,'2020-06-07 23:44:11',92,'Professor','16');
INSERT INTO Cantina.COMPRA (Cnif,Datahora,Ref_fatura,Tipo,Fid) VALUES (100000221,'2020-06-01 21:11:43',93,'Professor','16');
INSERT INTO Cantina.COMPRA (Cnif,Datahora,Ref_fatura,Tipo,Fid) VALUES (100000022,'2020-06-02 13:41:51',94,'Professor','16');
INSERT INTO Cantina.COMPRA (Cnif,Datahora,Ref_fatura,Tipo,Fid) VALUES (100000048,'2020-06-02 21:37:02',95,'Professor','9');
INSERT INTO Cantina.COMPRA (Cnif,Datahora,Ref_fatura,Tipo,Fid) VALUES (100000181,'2020-06-05 14:36:39',96,'Nao-Estudante','3');
INSERT INTO Cantina.COMPRA (Cnif,Datahora,Ref_fatura,Tipo,Fid) VALUES (100000369,'2020-06-02 00:53:14',97,'Funcionario','3');
INSERT INTO Cantina.COMPRA (Cnif,Datahora,Ref_fatura,Tipo,Fid) VALUES (100000028,'2020-06-02 07:18:25',98,'Professor','16');
INSERT INTO Cantina.COMPRA (Cnif,Datahora,Ref_fatura,Tipo,Fid) VALUES (100000143,'2020-06-05 14:03:28',99,'Estudante','2');
INSERT INTO Cantina.COMPRA (Cnif,Datahora,Ref_fatura,Tipo,Fid) VALUES (100000079,'2020-06-01 15:15:49',100,'Estudante','3');

INSERT INTO Cantina.COMPRA (Cnif,Datahora,Ref_fatura,Tipo,Fid) VALUES (100000098,'20200602',100,'Funcionario','16');

INSERT INTO Cantina.PRATO (Id,Tipo,Nome) VALUES (1,'Vegetariano','Pizza');
INSERT INTO Cantina.PRATO (Id,Tipo,Nome) VALUES (2,'Vegetariano','Salada');
INSERT INTO Cantina.PRATO (Id,Tipo,Nome) VALUES (3,'Vegetariano','Feijoada');
INSERT INTO Cantina.PRATO (Id,Tipo,Nome) VALUES (4,'Vegetariano','Esparguete');
INSERT INTO Cantina.PRATO (Id,Tipo,Nome) VALUES (5,'Vegetariano','Massas');
INSERT INTO Cantina.PRATO (Id,Tipo,Nome) VALUES (6,'Vegetariano','Poré');
INSERT INTO Cantina.PRATO (Id,Tipo,Nome) VALUES (7,'Não-Vegetariano','Hambuerguer');
INSERT INTO Cantina.PRATO (Id,Tipo,Nome) VALUES (8,'Não-Vegetariano','Bacalhau à brás');
INSERT INTO Cantina.PRATO (Id,Tipo,Nome) VALUES (9,'Não-Vegetariano','Carapau');
INSERT INTO Cantina.PRATO (Id,Tipo,Nome) VALUES (10,'Não-Vegetariano','Frango Churrasco');
INSERT INTO Cantina.PRATO (Id,Tipo,Nome) VALUES (11,'Não-Vegetariano','Bifana');
INSERT INTO Cantina.PRATO (Id,Tipo,Nome) VALUES (12,'Vegetariano','Paté de miscaros e nozes');
INSERT INTO Cantina.PRATO (Id,Tipo,Nome) VALUES (13,'Vegetariano','Seitan de almôndegas com molho de cepes');
INSERT INTO Cantina.PRATO (Id,Tipo,Nome) VALUES (14,'Vegetariano','Massa de arroz com pimentos e tofu');
INSERT INTO Cantina.PRATO (Id,Tipo,Nome) VALUES (15,'Vegetariano','Cuzcuz com legumes e especiarias');
INSERT INTO Cantina.PRATO (Id,Tipo,Nome) VALUES (16,'Vegetariano','Sopa de legumes');
INSERT INTO Cantina.PRATO (Id,Tipo,Nome) VALUES (17,'Vegetariano','Caldo Verde');

INSERT INTO Cantina.CESTO_DE_COMPRA (Pid,C_ref_fatura) VALUES (1,63);
INSERT INTO Cantina.CESTO_DE_COMPRA (Pid,C_ref_fatura) VALUES (9,78);
INSERT INTO Cantina.CESTO_DE_COMPRA (Pid,C_ref_fatura) VALUES (7,24);
INSERT INTO Cantina.CESTO_DE_COMPRA (Pid,C_ref_fatura) VALUES (4,95);
INSERT INTO Cantina.CESTO_DE_COMPRA (Pid,C_ref_fatura) VALUES (4,92);
INSERT INTO Cantina.CESTO_DE_COMPRA (Pid,C_ref_fatura) VALUES (1,10);
INSERT INTO Cantina.CESTO_DE_COMPRA (Pid,C_ref_fatura) VALUES (7,38);
INSERT INTO Cantina.CESTO_DE_COMPRA (Pid,C_ref_fatura) VALUES (3,86);
INSERT INTO Cantina.CESTO_DE_COMPRA (Pid,C_ref_fatura) VALUES (1,58);
INSERT INTO Cantina.CESTO_DE_COMPRA (Pid,C_ref_fatura) VALUES (1,71);
INSERT INTO Cantina.CESTO_DE_COMPRA (Pid,C_ref_fatura) VALUES (5,71);
INSERT INTO Cantina.CESTO_DE_COMPRA (Pid,C_ref_fatura) VALUES (7,96);
INSERT INTO Cantina.CESTO_DE_COMPRA (Pid,C_ref_fatura) VALUES (1,10);
INSERT INTO Cantina.CESTO_DE_COMPRA (Pid,C_ref_fatura) VALUES (6,34);
INSERT INTO Cantina.CESTO_DE_COMPRA (Pid,C_ref_fatura) VALUES (6,27);
INSERT INTO Cantina.CESTO_DE_COMPRA (Pid,C_ref_fatura) VALUES (10,100);
INSERT INTO Cantina.CESTO_DE_COMPRA (Pid,C_ref_fatura) VALUES (9,89);
INSERT INTO Cantina.CESTO_DE_COMPRA (Pid,C_ref_fatura) VALUES (7,71);
INSERT INTO Cantina.CESTO_DE_COMPRA (Pid,C_ref_fatura) VALUES (4,65);
INSERT INTO Cantina.CESTO_DE_COMPRA (Pid,C_ref_fatura) VALUES (10,90);
INSERT INTO Cantina.CESTO_DE_COMPRA (Pid,C_ref_fatura) VALUES (1,83);
INSERT INTO Cantina.CESTO_DE_COMPRA (Pid,C_ref_fatura) VALUES (10,69);
INSERT INTO Cantina.CESTO_DE_COMPRA (Pid,C_ref_fatura) VALUES (1,95);
INSERT INTO Cantina.CESTO_DE_COMPRA (Pid,C_ref_fatura) VALUES (8,82);
INSERT INTO Cantina.CESTO_DE_COMPRA (Pid,C_ref_fatura) VALUES (9,66);
INSERT INTO Cantina.CESTO_DE_COMPRA (Pid,C_ref_fatura) VALUES (2,32);
INSERT INTO Cantina.CESTO_DE_COMPRA (Pid,C_ref_fatura) VALUES (2,90);
INSERT INTO Cantina.CESTO_DE_COMPRA (Pid,C_ref_fatura) VALUES (4,18);
INSERT INTO Cantina.CESTO_DE_COMPRA (Pid,C_ref_fatura) VALUES (6,16);
INSERT INTO Cantina.CESTO_DE_COMPRA (Pid,C_ref_fatura) VALUES (8,6);
INSERT INTO Cantina.CESTO_DE_COMPRA (Pid,C_ref_fatura) VALUES (7,86);
INSERT INTO Cantina.CESTO_DE_COMPRA (Pid,C_ref_fatura) VALUES (1,20);
INSERT INTO Cantina.CESTO_DE_COMPRA (Pid,C_ref_fatura) VALUES (5,50);
INSERT INTO Cantina.CESTO_DE_COMPRA (Pid,C_ref_fatura) VALUES (9,76);
INSERT INTO Cantina.CESTO_DE_COMPRA (Pid,C_ref_fatura) VALUES (2,1);
INSERT INTO Cantina.CESTO_DE_COMPRA (Pid,C_ref_fatura) VALUES (5,94);
INSERT INTO Cantina.CESTO_DE_COMPRA (Pid,C_ref_fatura) VALUES (7,35);
INSERT INTO Cantina.CESTO_DE_COMPRA (Pid,C_ref_fatura) VALUES (6,71);
INSERT INTO Cantina.CESTO_DE_COMPRA (Pid,C_ref_fatura) VALUES (9,16);
INSERT INTO Cantina.CESTO_DE_COMPRA (Pid,C_ref_fatura) VALUES (5,67);
INSERT INTO Cantina.CESTO_DE_COMPRA (Pid,C_ref_fatura) VALUES (3,34);
INSERT INTO Cantina.CESTO_DE_COMPRA (Pid,C_ref_fatura) VALUES (9,79);
INSERT INTO Cantina.CESTO_DE_COMPRA (Pid,C_ref_fatura) VALUES (10,1);
INSERT INTO Cantina.CESTO_DE_COMPRA (Pid,C_ref_fatura) VALUES (7,70);
INSERT INTO Cantina.CESTO_DE_COMPRA (Pid,C_ref_fatura) VALUES (2,1);
INSERT INTO Cantina.CESTO_DE_COMPRA (Pid,C_ref_fatura) VALUES (9,100);
INSERT INTO Cantina.CESTO_DE_COMPRA (Pid,C_ref_fatura) VALUES (1,71);
INSERT INTO Cantina.CESTO_DE_COMPRA (Pid,C_ref_fatura) VALUES (7,91);
INSERT INTO Cantina.CESTO_DE_COMPRA (Pid,C_ref_fatura) VALUES (10,63);
INSERT INTO Cantina.CESTO_DE_COMPRA (Pid,C_ref_fatura) VALUES (9,49);
INSERT INTO Cantina.CESTO_DE_COMPRA (Pid,C_ref_fatura) VALUES (9,90);
INSERT INTO Cantina.CESTO_DE_COMPRA (Pid,C_ref_fatura) VALUES (5,40);
INSERT INTO Cantina.CESTO_DE_COMPRA (Pid,C_ref_fatura) VALUES (9,30);
INSERT INTO Cantina.CESTO_DE_COMPRA (Pid,C_ref_fatura) VALUES (9,1);
INSERT INTO Cantina.CESTO_DE_COMPRA (Pid,C_ref_fatura) VALUES (1,80);
INSERT INTO Cantina.CESTO_DE_COMPRA (Pid,C_ref_fatura) VALUES (7,25);
INSERT INTO Cantina.CESTO_DE_COMPRA (Pid,C_ref_fatura) VALUES (1,47);
INSERT INTO Cantina.CESTO_DE_COMPRA (Pid,C_ref_fatura) VALUES (8,97);
INSERT INTO Cantina.CESTO_DE_COMPRA (Pid,C_ref_fatura) VALUES (7,86);
INSERT INTO Cantina.CESTO_DE_COMPRA (Pid,C_ref_fatura) VALUES (1,93);
INSERT INTO Cantina.CESTO_DE_COMPRA (Pid,C_ref_fatura) VALUES (9,65);
INSERT INTO Cantina.CESTO_DE_COMPRA (Pid,C_ref_fatura) VALUES (6,20);
INSERT INTO Cantina.CESTO_DE_COMPRA (Pid,C_ref_fatura) VALUES (10,76);
INSERT INTO Cantina.CESTO_DE_COMPRA (Pid,C_ref_fatura) VALUES (6,99);
INSERT INTO Cantina.CESTO_DE_COMPRA (Pid,C_ref_fatura) VALUES (2,46);
INSERT INTO Cantina.CESTO_DE_COMPRA (Pid,C_ref_fatura) VALUES (3,72);
INSERT INTO Cantina.CESTO_DE_COMPRA (Pid,C_ref_fatura) VALUES (10,21);
INSERT INTO Cantina.CESTO_DE_COMPRA (Pid,C_ref_fatura) VALUES (4,16);
INSERT INTO Cantina.CESTO_DE_COMPRA (Pid,C_ref_fatura) VALUES (10,61);
INSERT INTO Cantina.CESTO_DE_COMPRA (Pid,C_ref_fatura) VALUES (9,40);
INSERT INTO Cantina.CESTO_DE_COMPRA (Pid,C_ref_fatura) VALUES (4,17);
INSERT INTO Cantina.CESTO_DE_COMPRA (Pid,C_ref_fatura) VALUES (3,26);
INSERT INTO Cantina.CESTO_DE_COMPRA (Pid,C_ref_fatura) VALUES (3,68);
INSERT INTO Cantina.CESTO_DE_COMPRA (Pid,C_ref_fatura) VALUES (5,35);
INSERT INTO Cantina.CESTO_DE_COMPRA (Pid,C_ref_fatura) VALUES (8,66);
INSERT INTO Cantina.CESTO_DE_COMPRA (Pid,C_ref_fatura) VALUES (3,92);
INSERT INTO Cantina.CESTO_DE_COMPRA (Pid,C_ref_fatura) VALUES (8,82);
INSERT INTO Cantina.CESTO_DE_COMPRA (Pid,C_ref_fatura) VALUES (8,59);
INSERT INTO Cantina.CESTO_DE_COMPRA (Pid,C_ref_fatura) VALUES (4,44);
INSERT INTO Cantina.CESTO_DE_COMPRA (Pid,C_ref_fatura) VALUES (9,72);
INSERT INTO Cantina.CESTO_DE_COMPRA (Pid,C_ref_fatura) VALUES (9,35);
INSERT INTO Cantina.CESTO_DE_COMPRA (Pid,C_ref_fatura) VALUES (4,73);
INSERT INTO Cantina.CESTO_DE_COMPRA (Pid,C_ref_fatura) VALUES (5,64);
INSERT INTO Cantina.CESTO_DE_COMPRA (Pid,C_ref_fatura) VALUES (3,19);
INSERT INTO Cantina.CESTO_DE_COMPRA (Pid,C_ref_fatura) VALUES (1,79);
INSERT INTO Cantina.CESTO_DE_COMPRA (Pid,C_ref_fatura) VALUES (6,7);
INSERT INTO Cantina.CESTO_DE_COMPRA (Pid,C_ref_fatura) VALUES (9,84);
INSERT INTO Cantina.CESTO_DE_COMPRA (Pid,C_ref_fatura) VALUES (9,97);
INSERT INTO Cantina.CESTO_DE_COMPRA (Pid,C_ref_fatura) VALUES (10,45);
INSERT INTO Cantina.CESTO_DE_COMPRA (Pid,C_ref_fatura) VALUES (4,100);
INSERT INTO Cantina.CESTO_DE_COMPRA (Pid,C_ref_fatura) VALUES (10,21);
INSERT INTO Cantina.CESTO_DE_COMPRA (Pid,C_ref_fatura) VALUES (7,87);
INSERT INTO Cantina.CESTO_DE_COMPRA (Pid,C_ref_fatura) VALUES (10,29);
INSERT INTO Cantina.CESTO_DE_COMPRA (Pid,C_ref_fatura) VALUES (9,18);
INSERT INTO Cantina.CESTO_DE_COMPRA (Pid,C_ref_fatura) VALUES (10,66);
INSERT INTO Cantina.CESTO_DE_COMPRA (Pid,C_ref_fatura) VALUES (3,4);
INSERT INTO Cantina.CESTO_DE_COMPRA (Pid,C_ref_fatura) VALUES (4,72);
INSERT INTO Cantina.CESTO_DE_COMPRA (Pid,C_ref_fatura) VALUES (10,41);
INSERT INTO Cantina.CESTO_DE_COMPRA (Pid,C_ref_fatura) VALUES (6,76);
INSERT INTO Cantina.CESTO_DE_COMPRA (Pid,C_ref_fatura) VALUES (6,81);

INSERT INTO Cantina.COMPOSICAO_DO_MENU (Pid,Mid) VALUES (13,1);
INSERT INTO Cantina.COMPOSICAO_DO_MENU (Pid,Mid) VALUES (3,1);
INSERT INTO Cantina.COMPOSICAO_DO_MENU (Pid,Mid) VALUES (17,1);
INSERT INTO Cantina.COMPOSICAO_DO_MENU (Pid,Mid) VALUES (14,2);
INSERT INTO Cantina.COMPOSICAO_DO_MENU (Pid,Mid) VALUES (15,2);
INSERT INTO Cantina.COMPOSICAO_DO_MENU (Pid,Mid) VALUES (16,2);

INSERT INTO Cantina.COMPOSICAO_DO_PRATO (Pid,Iid) VALUES (3,8);
INSERT INTO Cantina.COMPOSICAO_DO_PRATO (Pid,Iid) VALUES (3,6);


INSERT INTO Cantina.DISPENSA (Id,Capacidade) VALUES (1,'10000');

INSERT INTO Cantina.INGREDIENTE (Id,Nome,Valor_nutritivo,Quantidade_disponivel,Did) VALUES (1,'Cebolas',59,'967.27','1');
INSERT INTO Cantina.INGREDIENTE (Id,Nome,Valor_nutritivo,Quantidade_disponivel,Did) VALUES (2,'Cabeças-de-alho',49,'1013.08','1');
INSERT INTO Cantina.INGREDIENTE (Id,Nome,Valor_nutritivo,Quantidade_disponivel,Did) VALUES (3,'Massa',16,'999.35','1');
INSERT INTO Cantina.INGREDIENTE (Id,Nome,Valor_nutritivo,Quantidade_disponivel,Did) VALUES (4,'Bacalhau',93,'1010.69','1');
INSERT INTO Cantina.INGREDIENTE (Id,Nome,Valor_nutritivo,Quantidade_disponivel,Did) VALUES (5,'Frango',76,'1036.46','1');
INSERT INTO Cantina.INGREDIENTE (Id,Nome,Valor_nutritivo,Quantidade_disponivel,Did) VALUES (6,'Arroz',29,'996.96','1');

